Col_ID,Section,Display_to_Users,In_Final_Individual_Dataset,Dropped_or_Not_Displayed_Reason,Manual_Display_Type,Processed_Data_Type,Short_Label,WVS_Variable_Title,Question_Text,Additional_Text,Original_Response_Options_Including_Missing,Processed_Response_Values,Processing_Notes,Missing_Data_Handling,ColLab,Source
Q165,RELIGIOUS VALUES,True,True,,factor,numeric,Belief in God,Believe in: God,"In which of the following things do you believe, if you believe in any? - God",,1 = Yes; 2 = No; -1 = Don't know; -2 = No answer; -4 = Not asked; -5 = Missing; Not available,0 = No; 1 = Yes,Custom recode in setup script; all unmatched responses and original negative missing codes are set to NA.,"Original negative missing/non-response codes (for example -1 Don't know, -2 No answer/refused, -4 Not asked, -5 Missing) are converted to NA before final output.",Q165-Believe in: God,WVS Wave 7 Variables Report V6.0; Codebook manual coded index.xlsx; WVS_Wave7_Setup.R
Q166,RELIGIOUS VALUES,True,True,,factor,numeric,Belief in life after death,Believe in: life after death,"In which of the following things do you believe, if you believe in any? - Life after death",,1 = Yes; 2 = No; -1 = Don't know; -2 = No answer; -4 = Not asked; -5 = Missing; Not available,0 = No; 1 = Yes,Custom recode in setup script; all unmatched responses and original negative missing codes are set to NA.,"Original negative missing/non-response codes (for example -1 Don't know, -2 No answer/refused, -4 Not asked, -5 Missing) are converted to NA before final output.",Q166-Believe in: life after death,WVS Wave 7 Variables Report V6.0; Codebook manual coded index.xlsx; WVS_Wave7_Setup.R
Q167,RELIGIOUS VALUES,True,True,,factor,numeric,Belief in Hell,Believe in: hell,"In which of the following things do you believe, if you believe in any? - Hell",,1 = Yes; 2 = No; -1 = Don't know; -2 = No answer; -4 = Not asked; -5 = Missing; Not available,0 = No; 1 = Yes,Custom recode in setup script; all unmatched responses and original negative missing codes are set to NA.,"Original negative missing/non-response codes (for example -1 Don't know, -2 No answer/refused, -4 Not asked, -5 Missing) are converted to NA before final output.",Q167-Believe in: hell,WVS Wave 7 Variables Report V6.0; Codebook manual coded index.xlsx; WVS_Wave7_Setup.R
Q168,RELIGIOUS VALUES,True,True,,factor,numeric,Belief in Heaven,Believe in: heaven,"In which of the following things do you believe, if you believe in any? - Heaven",,1 = Yes; 2 = No; -1 = Don't know; -2 = No answer; -4 = Not asked; -5 = Missing; Not available,0 = No; 1 = Yes,Custom recode in setup script; all unmatched responses and original negative missing codes are set to NA.,"Original negative missing/non-response codes (for example -1 Don't know, -2 No answer/refused, -4 Not asked, -5 Missing) are converted to NA before final output.",Q168-Believe in: heaven,WVS Wave 7 Variables Report V6.0; Codebook manual coded index.xlsx; WVS_Wave7_Setup.R
Q177,ETHICAL VALUES AND NORMS,True,True,,integer,integer/numeric,Justification for claiming government benefits not entitled to,Justifiable: Claiming government benefits to which you are not entitled,"Please tell me for each of the following statements whether you think it can always be justified, never be justified, or something in between, using this card. - Claiming government benefits to which you are not entitled","1 = Never justifiable, 10 = Always justifiable",1 = Never justifiable; 2 = 2; 3 = 3; 4 = 4; 5 = 5; 6 = 6; 7 = 7; 8 = 8; 9 = 9; 10 = Always justifiable; -1 = Don't know; -2 = No answer; -4 = Not asked in survey; -5 = Missing; Not available,1 = Never justifiable; 2 = 2; 3 = 3; 4 = 4; 5 = 5; 6 = 6; 7 = 7; 8 = 8; 9 = 9; 10 = Always justifiable,Original numeric values retained; all values below 0 are set to NA.,"Original negative missing/non-response codes (for example -1 Don't know, -2 No answer/refused, -4 Not asked, -5 Missing) are converted to NA before final output.",Q177-Justifiable: Claiming government benefits to which you are not entitled,WVS Wave 7 Variables Report V6.0; Codebook manual coded index.xlsx; WVS_Wave7_Setup.R
Q178,ETHICAL VALUES AND NORMS,True,True,,integer,integer/numeric,Justification for avoiding a fare on public transport,Justifiable: Avoiding a fare on public transport,"Please tell me for each of the following statements whether you think it can always be justified, never be justified, or something in between, using this card. - Avoiding a fare on public transport","1 = Never justifiable, 10 = Always justifiable",1 = Never justifiable; 2 = 2; 3 = 3; 4 = 4; 5 = 5; 6 = 6; 7 = 7; 8 = 8; 9 = 9; 10 = Always justifiable; -1 = Don't know; -2 = No answer; -4 = Not asked in survey; -5 = Missing; Not available,1 = Never justifiable; 2 = 2; 3 = 3; 4 = 4; 5 = 5; 6 = 6; 7 = 7; 8 = 8; 9 = 9; 10 = Always justifiable,Original numeric values retained; all values below 0 are set to NA.,"Original negative missing/non-response codes (for example -1 Don't know, -2 No answer/refused, -4 Not asked, -5 Missing) are converted to NA before final output.",Q178-Justifiable: Avoiding a fare on public transport,WVS Wave 7 Variables Report V6.0; Codebook manual coded index.xlsx; WVS_Wave7_Setup.R
Q179,ETHICAL VALUES AND NORMS,True,True,,integer,integer/numeric,Justification for stealing property,Justifiable: Stealing property,"Please tell me for each of the following statements whether you think it can always be justified, never be justified, or something in between, using this card. Stealing property","1 = Never justifiable, 10 = Always justifiable",1 = Never justifiable; 2 = 2; 3 = 3; 4 = 4; 5 = 5; 6 = 6; 7 = 7; 8 = 8; 9 = 9; 10 = Always justifiable; -1 = Don't know; -2 = No answer; -4 = Not asked in survey; -5 = Missing; Not available,1 = Never justifiable; 2 = 2; 3 = 3; 4 = 4; 5 = 5; 6 = 6; 7 = 7; 8 = 8; 9 = 9; 10 = Always justifiable,Original numeric values retained; all values below 0 are set to NA.,"Original negative missing/non-response codes (for example -1 Don't know, -2 No answer/refused, -4 Not asked, -5 Missing) are converted to NA before final output.",Q179-Justifiable: Stealing property,WVS Wave 7 Variables Report V6.0; Codebook manual coded index.xlsx; WVS_Wave7_Setup.R
Q180,ETHICAL VALUES AND NORMS,True,True,,integer,integer/numeric,Justification for cheating on taxes,Justifiable: Cheating on taxes,"Please tell me for each of the following statements whether you think it can always be justified, never be justified, or something in between, using this card. Cheating on taxes if you have a chance","1 = Never justifiable, 10 = Always justifiable",1 = Never justifiable; 2 = 2; 3 = 3; 4 = 4; 5 = 5; 6 = 6; 7 = 7; 8 = 8; 9 = 9; 10 = Always justifiable; -1 = Don't know; -2 = No answer; -4 = Not asked in survey; -5 = Missing; Not available,1 = Never justifiable; 2 = 2; 3 = 3; 4 = 4; 5 = 5; 6 = 6; 7 = 7; 8 = 8; 9 = 9; 10 = Always justifiable,Original numeric values retained; all values below 0 are set to NA.,"Original negative missing/non-response codes (for example -1 Don't know, -2 No answer/refused, -4 Not asked, -5 Missing) are converted to NA before final output.",Q180-Justifiable: Cheating on taxes,WVS Wave 7 Variables Report V6.0; Codebook manual coded index.xlsx; WVS_Wave7_Setup.R
Q181,ETHICAL VALUES AND NORMS,True,True,,integer,integer/numeric,Justification for accepting a bribe in the course of duties,Justifiable: Someone accepting a bribe in the course of their duties,"Please tell me for each of the following statements whether you think it can always be justified, never be justified, or something in between, using this card. Someone accepting a bribe in the course of their duties","1 = Never justifiable, 10 = Always justifiable",1 = Never justifiable; 2 = 2; 3 = 3; 4 = 4; 5 = 5; 6 = 6; 7 = 7; 8 = 8; 9 = 9; 10 = Always justifiable; -1 = Don't know; -2 = No answer; -4 = Not asked in survey; -5 = Missing; Not available,1 = Never justifiable; 2 = 2; 3 = 3; 4 = 4; 5 = 5; 6 = 6; 7 = 7; 8 = 8; 9 = 9; 10 = Always justifiable,Original numeric values retained; all values below 0 are set to NA.,"Original negative missing/non-response codes (for example -1 Don't know, -2 No answer/refused, -4 Not asked, -5 Missing) are converted to NA before final output.",Q181-Justifiable: Someone accepting a bribe in the course of their duties,WVS Wave 7 Variables Report V6.0; Codebook manual coded index.xlsx; WVS_Wave7_Setup.R
Q182,ETHICAL VALUES AND NORMS,True,True,,integer,integer/numeric,Justification for homosexuality,Justifiable: Homosexuality,"Please tell me for each of the following statements whether you think it can always be justified, never be justified, or something in between, using this card. Homosexuality","1 = Never justifiable, 10 = Always justifiable",1 = Never justifiable; 2 = 2; 3 = 3; 4 = 4; 5 = 5; 6 = 6; 7 = 7; 8 = 8; 9 = 9; 10 = Always justifiable; -1 = Don't know; -2 = No answer; -4 = Not asked in survey; -5 = Missing; Not available,1 = Never justifiable; 2 = 2; 3 = 3; 4 = 4; 5 = 5; 6 = 6; 7 = 7; 8 = 8; 9 = 9; 10 = Always justifiable,Original numeric values retained; all values below 0 are set to NA.,"Original negative missing/non-response codes (for example -1 Don't know, -2 No answer/refused, -4 Not asked, -5 Missing) are converted to NA before final output.",Q182-Justifiable: Homosexuality,WVS Wave 7 Variables Report V6.0; Codebook manual coded index.xlsx; WVS_Wave7_Setup.R
Q183,ETHICAL VALUES AND NORMS,True,True,,integer,integer/numeric,Justification for prostitution,Justifiable: Prostitution,"Please tell me for each of the following statements whether you think it can always be justified, never be justified, or something in between, using this card. Prostitution","1 = Never justifiable, 10 = Always justifiable",1 = Never justifiable; 2 = 2; 3 = 3; 4 = 4; 5 = 5; 6 = 6; 7 = 7; 8 = 8; 9 = 9; 10 = Always justifiable; -1 = Don't know; -2 = No answer; -4 = Not asked in survey; -5 = Missing; Not available,1 = Never justifiable; 2 = 2; 3 = 3; 4 = 4; 5 = 5; 6 = 6; 7 = 7; 8 = 8; 9 = 9; 10 = Always justifiable,Original numeric values retained; all values below 0 are set to NA.,"Original negative missing/non-response codes (for example -1 Don't know, -2 No answer/refused, -4 Not asked, -5 Missing) are converted to NA before final output.",Q183-Justifiable: Prostitution,WVS Wave 7 Variables Report V6.0; Codebook manual coded index.xlsx; WVS_Wave7_Setup.R
Q184,ETHICAL VALUES AND NORMS,True,True,,integer,integer/numeric,Justification for abortion,Justifiable: Abortion,"Please tell me for each of the following statements whether you think it can always be justified, never be justified, or something in between, using this card. Abortion","1 = Never justifiable, 10 = Always justifiable",1 = Never justifiable; 2 = 2; 3 = 3; 4 = 4; 5 = 5; 6 = 6; 7 = 7; 8 = 8; 9 = 9; 10 = Always justifiable; -1 = Don't know; -2 = No answer; -4 = Not asked in survey; -5 = Missing; Not available,1 = Never justifiable; 2 = 2; 3 = 3; 4 = 4; 5 = 5; 6 = 6; 7 = 7; 8 = 8; 9 = 9; 10 = Always justifiable,Original numeric values retained; all values below 0 are set to NA.,"Original negative missing/non-response codes (for example -1 Don't know, -2 No answer/refused, -4 Not asked, -5 Missing) are converted to NA before final output.",Q184-Justifiable: Abortion,WVS Wave 7 Variables Report V6.0; Codebook manual coded index.xlsx; WVS_Wave7_Setup.R
Q185,ETHICAL VALUES AND NORMS,True,True,,integer,integer/numeric,Justification for divorce,Justifiable: Divorce,"Please tell me for each of the following statements whether you think it can always be justified, never be justified, or something in between, using this card. Divorce","1 = Never justifiable, 10 = Always justifiable",1 = Never justifiable; 2 = 2; 3 = 3; 4 = 4; 5 = 5; 6 = 6; 7 = 7; 8 = 8; 9 = 9; 10 = Always justifiable; -1 = Don't know; -2 = No answer; -4 = Not asked in survey; -5 = Missing; Not available,1 = Never justifiable; 2 = 2; 3 = 3; 4 = 4; 5 = 5; 6 = 6; 7 = 7; 8 = 8; 9 = 9; 10 = Always justifiable,Original numeric values retained; all values below 0 are set to NA.,"Original negative missing/non-response codes (for example -1 Don't know, -2 No answer/refused, -4 Not asked, -5 Missing) are converted to NA before final output.",Q185-Justifiable: Divorce,WVS Wave 7 Variables Report V6.0; Codebook manual coded index.xlsx; WVS_Wave7_Setup.R
Q186,ETHICAL VALUES AND NORMS,True,True,,integer,integer/numeric,Justification for sex before marriage,Justifiable: Sex before marriage,"Please tell me for each of the following statements whether you think it can always be justified, never be justified, or something in between, using this card. Sex before marriage","1 = Never justifiable, 10 = Always justifiable",1 = Never justifiable; 2 = 2; 3 = 3; 4 = 4; 5 = 5; 6 = 6; 7 = 7; 8 = 8; 9 = 9; 10 = Always justifiable; -1 = Don't know; -2 = No answer; -4 = Not asked in survey; -5 = Missing; Not available,1 = Never justifiable; 2 = 2; 3 = 3; 4 = 4; 5 = 5; 6 = 6; 7 = 7; 8 = 8; 9 = 9; 10 = Always justifiable,Original numeric values retained; all values below 0 are set to NA.,"Original negative missing/non-response codes (for example -1 Don't know, -2 No answer/refused, -4 Not asked, -5 Missing) are converted to NA before final output.",Q186-Justifiable: Sex before marriage,WVS Wave 7 Variables Report V6.0; Codebook manual coded index.xlsx; WVS_Wave7_Setup.R
Q187,ETHICAL VALUES AND NORMS,True,True,,integer,integer/numeric,Justification for suicide,Justifiable: Suicide,"Please tell me for each of the following statements whether you think it can always be justified, never be justified, or something in between, using this card. Suicide","1 = Never justifiable, 10 = Always justifiable",1 = Never justifiable; 2 = 2; 3 = 3; 4 = 4; 5 = 5; 6 = 6; 7 = 7; 8 = 8; 9 = 9; 10 = Always justifiable; -1 = Don't know; -2 = No answer; -4 = Not asked in survey; -5 = Missing; Not available,1 = Never justifiable; 2 = 2; 3 = 3; 4 = 4; 5 = 5; 6 = 6; 7 = 7; 8 = 8; 9 = 9; 10 = Always justifiable,Original numeric values retained; all values below 0 are set to NA.,"Original negative missing/non-response codes (for example -1 Don't know, -2 No answer/refused, -4 Not asked, -5 Missing) are converted to NA before final output.",Q187-Justifiable: Suicide,WVS Wave 7 Variables Report V6.0; Codebook manual coded index.xlsx; WVS_Wave7_Setup.R
Q188,ETHICAL VALUES AND NORMS,True,True,,integer,integer/numeric,Justification for euthanasia,Justifiable: Euthanasia,"Please tell me for each of the following statements whether you think it can always be justified, never be justified, or something in between, using this card. Euthanasia","1 = Never justifiable, 10 = Always justifiable",1 = Never justifiable; 2 = 2; 3 = 3; 4 = 4; 5 = 5; 6 = 6; 7 = 7; 8 = 8; 9 = 9; 10 = Always justifiable; -1 = Don't know; -2 = No answer; -4 = Not asked in survey; -5 = Missing; Not available,1 = Never justifiable; 2 = 2; 3 = 3; 4 = 4; 5 = 5; 6 = 6; 7 = 7; 8 = 8; 9 = 9; 10 = Always justifiable,Original numeric values retained; all values below 0 are set to NA.,"Original negative missing/non-response codes (for example -1 Don't know, -2 No answer/refused, -4 Not asked, -5 Missing) are converted to NA before final output.",Q188-Justifiable: Euthanasia,WVS Wave 7 Variables Report V6.0; Codebook manual coded index.xlsx; WVS_Wave7_Setup.R
Q189,ETHICAL VALUES AND NORMS,True,True,,integer,integer/numeric,Justification for a man to beat his wife,Justifiable: For a man to beat his wife,"Please tell me for each of the following statements whether you think it can always be justified, never be justified, or something in between, using this card. For a man to beat his wife","1 = Never justifiable, 10 = Always justifiable",1 = Never justifiable; 2 = 2; 3 = 3; 4 = 4; 5 = 5; 6 = 6; 7 = 7; 8 = 8; 9 = 9; 10 = Always justifiable; -1 = Don't know; -2 = No answer; -4 = Not asked in survey; -5 = Missing; Not available,1 = Never justifiable; 2 = 2; 3 = 3; 4 = 4; 5 = 5; 6 = 6; 7 = 7; 8 = 8; 9 = 9; 10 = Always justifiable,Original numeric values retained; all values below 0 are set to NA.,"Original negative missing/non-response codes (for example -1 Don't know, -2 No answer/refused, -4 Not asked, -5 Missing) are converted to NA before final output.",Q189-Justifiable: For a man to beat his wife,WVS Wave 7 Variables Report V6.0; Codebook manual coded index.xlsx; WVS_Wave7_Setup.R
Q190,ETHICAL VALUES AND NORMS,True,True,,integer,integer/numeric,Justification for parents beating children,Justifiable: Parents beating children,"Please tell me for each of the following statements whether you think it can always be justified, never be justified, or something in between, using this card. Parents beating children","1 = Never justifiable, 10 = Always justifiable",1 = Never justifiable; 2 = 2; 3 = 3; 4 = 4; 5 = 5; 6 = 6; 7 = 7; 8 = 8; 9 = 9; 10 = Always justifiable; -1 = Don't know; -2 = No answer; -4 = Not asked in survey; -5 = Missing; Not available,1 = Never justifiable; 2 = 2; 3 = 3; 4 = 4; 5 = 5; 6 = 6; 7 = 7; 8 = 8; 9 = 9; 10 = Always justifiable,Original numeric values retained; all values below 0 are set to NA.,"Original negative missing/non-response codes (for example -1 Don't know, -2 No answer/refused, -4 Not asked, -5 Missing) are converted to NA before final output.",Q190-Justifiable: Parents beating children,WVS Wave 7 Variables Report V6.0; Codebook manual coded index.xlsx; WVS_Wave7_Setup.R
Q191,ETHICAL VALUES AND NORMS,True,True,,integer,integer/numeric,Justification for violence against other people,Justifiable: Violence against other people,"Please tell me for each of the following statements whether you think it can always be justified, never be justified, or something in between, using this card. Violence against other people","1 = Never justifiable, 10 = Always justifiable",1 = Never justifiable; 2 = 2; 3 = 3; 4 = 4; 5 = 5; 6 = 6; 7 = 7; 8 = 8; 9 = 9; 10 = Always justifiable; -1 = Don't know; -2 = No answer; -4 = Not asked in survey; -5 = Missing; Not available,1 = Never justifiable; 2 = 2; 3 = 3; 4 = 4; 5 = 5; 6 = 6; 7 = 7; 8 = 8; 9 = 9; 10 = Always justifiable,Original numeric values retained; all values below 0 are set to NA.,"Original negative missing/non-response codes (for example -1 Don't know, -2 No answer/refused, -4 Not asked, -5 Missing) are converted to NA before final output.",Q191-Justifiable: Violence against other people,WVS Wave 7 Variables Report V6.0; Codebook manual coded index.xlsx; WVS_Wave7_Setup.R
Q192,ETHICAL VALUES AND NORMS,True,True,,integer,integer/numeric,Justification for terrorism,"Justifiable: Terrorism as a political, ideological or religious mean","Please tell me for each of the following statements whether you think it can always be justified, never be justified, or something in between, using this card. Terrorism as a political, ideological or religious mean","1 = Never justifiable, 10 = Always justifiable",1 = Never justifiable; 2 = 2; 3 = 3; 4 = 4; 5 = 5; 6 = 6; 7 = 7; 8 = 8; 9 = 9; 10 = Always justifiable; -1 = Don't know; -2 = No answer; -4 = Not asked in survey; -5 = Missing; Not available,1 = Never justifiable; 2 = 2; 3 = 3; 4 = 4; 5 = 5; 6 = 6; 7 = 7; 8 = 8; 9 = 9; 10 = Always justifiable,Original numeric values retained; all values below 0 are set to NA.,"Original negative missing/non-response codes (for example -1 Don't know, -2 No answer/refused, -4 Not asked, -5 Missing) are converted to NA before final output.","Q192-Justifiable: Terrorism as a political, ideological or religious mean",WVS Wave 7 Variables Report V6.0; Codebook manual coded index.xlsx; WVS_Wave7_Setup.R
Q193,ETHICAL VALUES AND NORMS,True,True,,integer,integer/numeric,Justification for casual sex,Justifiable: Having casual sex,"Please tell me for each of the following statements whether you think it can always be justified, never be justified, or something in between, using this card. Having casual sex","1 = Never justifiable, 10 = Always justifiable",1 = Never justifiable; 2 = 2; 3 = 3; 4 = 4; 5 = 5; 6 = 6; 7 = 7; 8 = 8; 9 = 9; 10 = Always justifiable; -1 = Don't know; -2 = No answer; -4 = Not asked in survey; -5 = Missing; Not available,1 = Never justifiable; 2 = 2; 3 = 3; 4 = 4; 5 = 5; 6 = 6; 7 = 7; 8 = 8; 9 = 9; 10 = Always justifiable,Original numeric values retained; all values below 0 are set to NA.,"Original negative missing/non-response codes (for example -1 Don't know, -2 No answer/refused, -4 Not asked, -5 Missing) are converted to NA before final output.",Q193-Justifiable: Having casual sex,WVS Wave 7 Variables Report V6.0; Codebook manual coded index.xlsx; WVS_Wave7_Setup.R
Q194,ETHICAL VALUES AND NORMS,True,True,,integer,integer/numeric,Justification for political violence,Justifiable: Political violence,"Please tell me for each of the following statements whether you think it can always be justified, never be justified, or something in between, using this card. Political violence","1 = Never justifiable, 10 = Always justifiable",1 = Never justifiable; 2 = 2; 3 = 3; 4 = 4; 5 = 5; 6 = 6; 7 = 7; 8 = 8; 9 = 9; 10 = Always justifiable; -1 = Don't know; -2 = No answer; -4 = Not asked; -5 = Missing; Not available,1 = Never justifiable; 2 = 2; 3 = 3; 4 = 4; 5 = 5; 6 = 6; 7 = 7; 8 = 8; 9 = 9; 10 = Always justifiable,Original numeric values retained; all values below 0 are set to NA.,"Original negative missing/non-response codes (for example -1 Don't know, -2 No answer/refused, -4 Not asked, -5 Missing) are converted to NA before final output.",Q194-Justifiable: Political violence,WVS Wave 7 Variables Report V6.0; Codebook manual coded index.xlsx; WVS_Wave7_Setup.R
Q195,ETHICAL VALUES AND NORMS,True,True,,integer,integer/numeric,Justification for the death penalty,Justifiable: Death penalty,"Please tell me for each of the following statements whether you think it can always be justified, never be justified, or something in between, using this card. Death penalty","1 = Never justifiable, 10 = Always justifiable",1 = Never justifiable; 2 = 2; 3 = 3; 4 = 4; 5 = 5; 6 = 6; 7 = 7; 8 = 8; 9 = 9; 10 = Always justifiable; -1 = Don't know; -2 = No answer; -4 = Not asked in survey; -5 = Missing; Not available,1 = Never justifiable; 2 = 2; 3 = 3; 4 = 4; 5 = 5; 6 = 6; 7 = 7; 8 = 8; 9 = 9; 10 = Always justifiable,Original numeric values retained; all values below 0 are set to NA.,"Original negative missing/non-response codes (for example -1 Don't know, -2 No answer/refused, -4 Not asked, -5 Missing) are converted to NA before final output.",Q195-Justifiable: Death penalty,WVS Wave 7 Variables Report V6.0; Codebook manual coded index.xlsx; WVS_Wave7_Setup.R
Q260,DEMOGRAPHICS,True,True,,factor,numeric,Respondent's sex,Sex,Respondent's sex,,1 = Male; 2 = Female; -2 = No answer; -4 = Not asked; -5 = Missing; Not available; AU: Other,0 = Female; 1 = Male,Custom recode in setup script; all unmatched responses and original negative missing codes are set to NA.,"Original negative missing/non-response codes (for example -1 Don't know, -2 No answer/refused, -4 Not asked, -5 Missing) are converted to NA before final output.",Q260-Sex,WVS Wave 7 Variables Report V6.0; Codebook manual coded index.xlsx; WVS_Wave7_Setup.R
Q262,DEMOGRAPHICS,True,True,,integer,integer/numeric,Age,Age,This means you are XX years old? Numeric variable - numbers of years,,-1 = Don't know; -2 = No answer; -4 = Not asked; -5 = Missing; Not available,Numeric response values retained.,Original numeric values retained; all values below 0 are set to NA.,"Original negative missing/non-response codes (for example -1 Don't know, -2 No answer/refused, -4 Not asked, -5 Missing) are converted to NA before final output.",Q262-Age,WVS Wave 7 Variables Report V6.0; Codebook manual coded index.xlsx; WVS_Wave7_Setup.R
Q263,DEMOGRAPHICS,True,True,,factor,numeric,Born in this country or immigrant,Respondent immigrant,Were you born in this country or are you an immigrant?,,1 = I am born in this country; 2 = I am an immigrant to this country (born outside this country); -1 = Don't know; -2 = No answer; -4 = Not asked; -5 = Missing; Not available,0 = I am an immigrant to this country (born outside this country); 1 = I am born in this country,Custom recode in setup script; all unmatched responses and original negative missing codes are set to NA.,"Original negative missing/non-response codes (for example -1 Don't know, -2 No answer/refused, -4 Not asked, -5 Missing) are converted to NA before final output.",Q263-Respondent immigrant,WVS Wave 7 Variables Report V6.0; Codebook manual coded index.xlsx; WVS_Wave7_Setup.R
Q275,DEMOGRAPHICS,True,True,,factor_ordered,ordered numeric in indiv_ordinal; ordered factor in intermediate indiv,Highest educational level of respondent,Highest educational level: Respondent [ISCED 2011],What is the highest educational level that you have attained?,,0 = Early childhood education (ISCED 0) / no education; 1 = Primary education (ISCED 1); 2 = Lower secondary education (ISCED 2); 3 = Upper secondary education (ISCED 3); 4 = Post-secondary non-tertiary education (ISCED 4); 5 = Short-cycle tertiary education (ISCED 5); 6 = Bachelor or equivalent (ISCED 6); 7 = Master or equivalent (ISCED 7); 8 = Doctoral or equivalent (ISCED 8); -1 = Don't know; -2 = No answer; -4 = Not asked; -5 = Missing; Not available,1 = Early childhood education (ISCED 0) / no education (original 0); 2 = Primary education (ISCED 1) (original 1); 3 = Lower secondary education (ISCED 2) (original 2); 4 = Upper secondary education (ISCED 3) (original 3); 5 = Post-secondary non-tertiary education (ISCED 4) (original 4); 6 = Short-cycle tertiary education (ISCED 5) (original 5); 7 = Bachelor or equivalent (ISCED 6) (original 6); 8 = Master or equivalent (ISCED 7) (original 7); 9 = Doctoral or equivalent (ISCED 8) (original 8),"Haven labelled values converted to an ordered factor, then ordered factors are converted to ordinal integers with negative missing codes set to NA.","Original negative missing/non-response codes (for example -1 Don't know, -2 No answer/refused, -4 Not asked, -5 Missing) are converted to NA before final output.",Q275-Highest educational level: Respondent [ISCED 2011],WVS Wave 7 Variables Report V6.0; Codebook manual coded index.xlsx; WVS_Wave7_Setup.R
Q288,DEMOGRAPHICS,True,True,,integer,integer/numeric,Income scale placement,Scale of incomes,"On this card is an income scale on which 1 indicates the lowest income group and 10 the highest income group in your country. We would like to know in what group your household is. Please, specify the appropriate number, counting all wages, salaries, pensions and other incomes that come in.","1 = Lowest group, 10 = Highest group",1 = Lower step; 2 = second step; 3 = Third step; 4 = Fourth step; 5 = Fifth step; 6 = Sixth step; 7 = Seventh step; 8 = Eight step; 9 = Nineth step; 10 = Tenth step; -1 = Don't know; -2 = No answer; -4 = Not asked; -5 = Missing; Not available,1 = Lower step; 2 = second step; 3 = Third step; 4 = Fourth step; 5 = Fifth step; 6 = Sixth step; 7 = Seventh step; 8 = Eight step; 9 = Nineth step; 10 = Tenth step,Original numeric values retained; all values below 0 are set to NA.,"Original negative missing/non-response codes (for example -1 Don't know, -2 No answer/refused, -4 Not asked, -5 Missing) are converted to NA before final output.",Q288-Scale of incomes,WVS Wave 7 Variables Report V6.0; Codebook manual coded index.xlsx; WVS_Wave7_Setup.R
Q289,DEMOGRAPHICS,True,True,,factor,numeric,Belonging to a religion or religious denomination,Religious denominations - major groups,"Do you belong to a religion or religious denomination? If yes, which one?",,0 = Do not belong to a denomination; 1 = Roman Catholic; 2 = Protestant; 3 = Orthodox (Russian/Greek/etc.); 4 = Jew; 5 = Muslim; 6 = Hindu; 7 = Buddhist; 8 = Other Christian (Evangelical/Pentecostal/Fee church/etc.); 9 = Other; -1 = Don't know; -2 = No answer/refused; -5 = Missing; Not applicable for other reasons; -4 = Not asked,0 = Other; 1 = Other Christian (Jehova withness...); 2 = Buddhist; 3 = Hindu; 4 = Muslim; 5 = Jew; 6 = Orthodox (Russian/Greek/etc.); 7 = Protestant; 8 = Catholic (Roman/Greek/etc); 9 = Do not belong to a denomination,Custom recode in setup script; all unmatched responses and original negative missing codes are set to NA.,"Original negative missing/non-response codes (for example -1 Don't know, -2 No answer/refused, -4 Not asked, -5 Missing) are converted to NA before final output.",Q289-Religious denominations - major groups,WVS Wave 7 Variables Report V6.0; Codebook manual coded index.xlsx; WVS_Wave7_Setup.R
B_COUNTRY,ID,False,True,,factor,factor,SO 3166-1 numeric country code,ISO 3166-1 numeric country code,ISO 3166-1 numeric country code 8 - Albania 422 - Lebanon 20 - Andorra 434 - Libya 32 - Argentina 440 - Lithuania 51 - Armenia 446 - Macao SAR 36 - Australia 458 - Malaysia 40 - Austria 462 - Maldives 31 - Azerbaijan 484 - Mexico 50 - Bangladesh 496 - Mongolia 112 - Belarus 499 - Montenegro 68 - Bolivia 504 - Morocco 70 - Bosnia Herzegovina 104 - Myanmar 76 - Brazil 528 - Netherlands 100 - Bulgaria 554 - New Zealand 124 - Canada 558 - Nicaragua 152 - Chile 566 - Nigeria 156 - China 807 - North Macedonia 170 - Colombia 909 - Northern Ireland 191 - Croatia 578 - Norway 196 - Cyprus 586 - Pakistan 203 - Czechia 604 - Peru 208 - Denmark 608 - Philippines 218 - Ecuador 616 - Poland 818 - Egypt 620 - Portugal 233 - Estonia 630 - Puerto Rico 231 - Ethiopia 642 - Romania 246 - Finland 643 - Russia 250 - France 688 - Serbia 268 - Georgia 702 Singapore 276 - Germany 703 - Slovakia 826 - Great Britain 705 - Slovenia 300 - Greece 410 - South Korea 320 - Guatemala 724 - Spain 344 - Hong Kong SAR 752 - Sweden 348 - Hungary 756 - Switzerland 352 - Iceland 158 - Taiwan ROC 356 - India 762 - Tajikistan 360 - Indonesia 764 - Thailand 364 - Iran 788 - Tunisia 368 - Iraq 792 - Turkey 380 - Italy 804 - Ukraine 392 - Japan 840 - United States 400 - Jordan 858 - Uruguay 398 - Kazakhstan 860 - Uzbekistan 404 Kenya 862 - Venezuela 417 - Kyrgyzstan 704 - Vietnam 428 - Latvia 716 - Zimbabwe,,,Country labels retained.,Country name/code label retained as a factor; missing codes simplified to NA if present.,"Original negative missing/non-response codes (for example -1 Don't know, -2 No answer/refused, -4 Not asked, -5 Missing) are converted to NA before final output.",B_COUNTRY-ISO 3166-1 numeric country code,WVS Wave 7 Variables Report V6.0; Codebook manual coded index.xlsx; WVS_Wave7_Setup.R
B_COUNTRY_ALPHA,ID,False,True,,factor,factor,SO 3166-1 alpha-3 country code,ISO 3166-1 alpha-3 country code,ISO 3166-1 alpha-3 country code,,,Country ISO alpha-3 code labels retained.,ISO alpha-3 country code as a factor. Negative missing codes are not applicable.,"Original negative missing/non-response codes (for example -1 Don't know, -2 No answer/refused, -4 Not asked, -5 Missing) are converted to NA before final output.",B_COUNTRY_ALPHA-ISO 3166-1 alpha-3 country code,WVS Wave 7 Variables Report V6.0; Codebook manual coded index.xlsx; WVS_Wave7_Setup.R
S007,ID,False,True,,integer,integer,Unified respondent number,Unified respondent number,Unified respondent number,,,Integer identifier.,Respondent identifier retained as integer; negative missing codes simplified to NA if present.,"Original negative missing/non-response codes (for example -1 Don't know, -2 No answer/refused, -4 Not asked, -5 Missing) are converted to NA before final output.",S007-Unified respondent number,WVS Wave 7 Variables Report V6.0; Codebook manual coded index.xlsx; WVS_Wave7_Setup.R
Q1,"SOCIAL VALUES, ATTITUDES & STEREOTYPES",False,False,Not selected for display in Variable_Display_Logical.,factor_ordered,ordered numeric in indiv_ordinal; ordered factor in intermediate indiv,Family,Important in life: Family,"For each of the following aspects, indicate how important it is in your life. Would you say it is very important, rather important, not very important or not important at all? - Family",,1 = Very important; 2 = Rather important; 3 = Not very important; 4 = Not at all important; -1 = Don't know; -2 = No answer; -4 = Not asked in this country; -5 = Missing; Not available,1 = Very important (original 1); 2 = Rather important (original 2); 3 = Not very important (original 3); 4 = Not at all important (original 4),"Haven labelled values converted to an ordered factor, then ordered factors are converted to ordinal integers with negative missing codes set to NA.","Original negative missing/non-response codes (for example -1 Don't know, -2 No answer/refused, -4 Not asked, -5 Missing) are converted to NA before final output.",Q1-Important in life: Family,WVS Wave 7 Variables Report V6.0; Codebook manual coded index.xlsx; WVS_Wave7_Setup.R
Q2,"SOCIAL VALUES, ATTITUDES & STEREOTYPES",False,False,Not selected for display in Variable_Display_Logical.,factor_ordered,ordered numeric in indiv_ordinal; ordered factor in intermediate indiv,Friends,Important in life: Friends,"For each of the following aspects, indicate how important it is in your life. Would you say it is very important, rather important, not very important or not important at all? - Friends",,1 = Very important; 2 = Rather important; 3 = Not very important; 4 = Not at all important; -1 = Don't know; -2 = No answer; -4 = Not asked in this country; -5 = Missing; Not available,1 = Very important (original 1); 2 = Rather important (original 2); 3 = Not very important (original 3); 4 = Not at all important (original 4),"Haven labelled values converted to an ordered factor, then ordered factors are converted to ordinal integers with negative missing codes set to NA.","Original negative missing/non-response codes (for example -1 Don't know, -2 No answer/refused, -4 Not asked, -5 Missing) are converted to NA before final output.",Q2-Important in life: Friends,WVS Wave 7 Variables Report V6.0; Codebook manual coded index.xlsx; WVS_Wave7_Setup.R
Q3,"SOCIAL VALUES, ATTITUDES & STEREOTYPES",False,False,Not selected for display in Variable_Display_Logical.,factor_ordered,ordered numeric in indiv_ordinal; ordered factor in intermediate indiv,Leisure time,Important in life: Leisure time,"For each of the following aspects, indicate how important it is in your life. Would you say it is very important, rather important, not very important or not important at all? - Leisure time",,1 = Very important; 2 = Rather important; 3 = Not very important; 4 = Not at all important; -1 = Don't know; -2 = No answer; -4 = Not asked in this country; -5 = Missing; Not available,1 = Very important (original 1); 2 = Rather important (original 2); 3 = Not very important (original 3); 4 = Not at all important (original 4),"Haven labelled values converted to an ordered factor, then ordered factors are converted to ordinal integers with negative missing codes set to NA.","Original negative missing/non-response codes (for example -1 Don't know, -2 No answer/refused, -4 Not asked, -5 Missing) are converted to NA before final output.",Q3-Important in life: Leisure time,WVS Wave 7 Variables Report V6.0; Codebook manual coded index.xlsx; WVS_Wave7_Setup.R
Q4,"SOCIAL VALUES, ATTITUDES & STEREOTYPES",False,False,Not selected for display in Variable_Display_Logical.,factor_ordered,ordered numeric in indiv_ordinal; ordered factor in intermediate indiv,Politics,Important in life: Politics,"For each of the following aspects, indicate how important it is in your life. Would you say it is very important, rather important, not very important or not important at all? - Politics",,1 = Very important; 2 = Rather important; 3 = Not very important; 4 = Not at all important; -1 = Don't know; -2 = No answer; -4 = Not asked in this country; -5 = Missing; Not available,1 = Very important (original 1); 2 = Rather important (original 2); 3 = Not very important (original 3); 4 = Not at all important (original 4),"Haven labelled values converted to an ordered factor, then ordered factors are converted to ordinal integers with negative missing codes set to NA.","Original negative missing/non-response codes (for example -1 Don't know, -2 No answer/refused, -4 Not asked, -5 Missing) are converted to NA before final output.",Q4-Important in life: Politics,WVS Wave 7 Variables Report V6.0; Codebook manual coded index.xlsx; WVS_Wave7_Setup.R
Q5,"SOCIAL VALUES, ATTITUDES & STEREOTYPES",False,False,Not selected for display in Variable_Display_Logical.,factor_ordered,ordered numeric in indiv_ordinal; ordered factor in intermediate indiv,Work,Important in life: Work,"For each of the following aspects, indicate how important it is in your life. Would you say it is very important, rather important, not very important or not important at all? - Work",,1 = Very important; 2 = Rather important; 3 = Not very important; 4 = Not at all important; -1 = Don't know; -2 = No answer; -4 = Not asked in this country; -5 = Missing; Not available,1 = Very important (original 1); 2 = Rather important (original 2); 3 = Not very important (original 3); 4 = Not at all important (original 4),"Haven labelled values converted to an ordered factor, then ordered factors are converted to ordinal integers with negative missing codes set to NA.","Original negative missing/non-response codes (for example -1 Don't know, -2 No answer/refused, -4 Not asked, -5 Missing) are converted to NA before final output.",Q5-Important in life: Work,WVS Wave 7 Variables Report V6.0; Codebook manual coded index.xlsx; WVS_Wave7_Setup.R
Q6,"SOCIAL VALUES, ATTITUDES & STEREOTYPES",False,False,Not selected for display in Variable_Display_Logical.,factor_ordered,ordered numeric in indiv_ordinal; ordered factor in intermediate indiv,Religion,Important in life: Religion,"For each of the following aspects, indicate how important it is in your life. Would you say it is very important, rather important, not very important or not important at all? - Religion",,1 = Very important; 2 = Rather important; 3 = Not very important; 4 = Not at all important; -1 = Don't know; -2 = No answer; -4 = Not asked in this country; -5 = Missing; Not available,1 = Very important (original 1); 2 = Rather important (original 2); 3 = Not very important (original 3); 4 = Not at all important (original 4),"Haven labelled values converted to an ordered factor, then ordered factors are converted to ordinal integers with negative missing codes set to NA.","Original negative missing/non-response codes (for example -1 Don't know, -2 No answer/refused, -4 Not asked, -5 Missing) are converted to NA before final output.",Q6-Important in life: Religion,WVS Wave 7 Variables Report V6.0; Codebook manual coded index.xlsx; WVS_Wave7_Setup.R
Q7,"SOCIAL VALUES, ATTITUDES & STEREOTYPES",False,False,Not selected for display in Variable_Display_Logical.,factor_ordered,ordered numeric in indiv_ordinal; ordered factor in intermediate indiv,Good manners,Important child qualities: Good manners,"Here is a list of qualities that children can be encouraged to learn at home. Which, if any, do you consider to be especially important? Please choose up to five. - Good manners",,2 = Not mentioned; 1 = Important; -1 = Don't know; -2 = No answer; -4 = Not asked in this country; -5 = Missing; Not available,1 = Important (original 1); 2 = Not mentioned (original 2),"Haven labelled values converted to an ordered factor, then ordered factors are converted to ordinal integers with negative missing codes set to NA.","Original negative missing/non-response codes (for example -1 Don't know, -2 No answer/refused, -4 Not asked, -5 Missing) are converted to NA before final output.",Q7-Important child qualities: Good manners,WVS Wave 7 Variables Report V6.0; Codebook manual coded index.xlsx; WVS_Wave7_Setup.R
Q8,"SOCIAL VALUES, ATTITUDES & STEREOTYPES",False,False,Not selected for display in Variable_Display_Logical.,factor_ordered,ordered numeric in indiv_ordinal; ordered factor in intermediate indiv,Independence,Important child qualities: Independence,"Here is a list of qualities that children can be encouraged to learn at home. Which, if any, do you consider to be especially important? Please choose up to five. - Independence",,2 = Not mentioned; 1 = Important; -1 = Don't know; -2 = No answer; -4 = Not asked in this country; -5 = Missing; Not available,1 = Important (original 1); 2 = Not mentioned (original 2),"Haven labelled values converted to an ordered factor, then ordered factors are converted to ordinal integers with negative missing codes set to NA.","Original negative missing/non-response codes (for example -1 Don't know, -2 No answer/refused, -4 Not asked, -5 Missing) are converted to NA before final output.",Q8-Important child qualities: Independence,WVS Wave 7 Variables Report V6.0; Codebook manual coded index.xlsx; WVS_Wave7_Setup.R
Q9,"SOCIAL VALUES, ATTITUDES & STEREOTYPES",False,False,Not selected for display in Variable_Display_Logical.,factor_ordered,ordered numeric in indiv_ordinal; ordered factor in intermediate indiv,Hard work,Important child qualities: Hard work,"Here is a list of qualities that children can be encouraged to learn at home. Which, if any, do you consider to be especially important? Please choose up to five. - Hard work",,2 = Not mentioned; 1 = Important; -1 = Don't know; -2 = No answer; -4 = Not asked in this country; -5 = Missing; Not available,1 = Important (original 1); 2 = Not mentioned (original 2),"Haven labelled values converted to an ordered factor, then ordered factors are converted to ordinal integers with negative missing codes set to NA.","Original negative missing/non-response codes (for example -1 Don't know, -2 No answer/refused, -4 Not asked, -5 Missing) are converted to NA before final output.",Q9-Important child qualities: Hard work,WVS Wave 7 Variables Report V6.0; Codebook manual coded index.xlsx; WVS_Wave7_Setup.R
Q10,"SOCIAL VALUES, ATTITUDES & STEREOTYPES",False,False,Not selected for display in Variable_Display_Logical.,factor_ordered,ordered numeric in indiv_ordinal; ordered factor in intermediate indiv,Feeling of responsibility,Important child qualities: Feeling of responsibility,"Here is a list of qualities that children can be encouraged to learn at home. Which, if any, do you consider to be especially important? Please choose up to five. - Feeling of responsibility",,2 = Not mentioned; 1 = Important; -1 = Don't know; -2 = No answer; -4 = Not asked in this country; -5 = Missing; Not available,1 = Important (original 1); 2 = Not mentioned (original 2),"Haven labelled values converted to an ordered factor, then ordered factors are converted to ordinal integers with negative missing codes set to NA.","Original negative missing/non-response codes (for example -1 Don't know, -2 No answer/refused, -4 Not asked, -5 Missing) are converted to NA before final output.",Q10-Important child qualities: Feeling of responsibility,WVS Wave 7 Variables Report V6.0; Codebook manual coded index.xlsx; WVS_Wave7_Setup.R
Q11,"SOCIAL VALUES, ATTITUDES & STEREOTYPES",False,False,Not selected for display in Variable_Display_Logical.,factor_ordered,ordered numeric in indiv_ordinal; ordered factor in intermediate indiv,Imagination,Important child qualities: Imagination,"Here is a list of qualities that children can be encouraged to learn at home. Which, if any, do you consider to be especially important? Please choose up to five. - Imagination",,2 = Not mentioned; 1 = Important; -1 = Don't know; -2 = No answer; -4 = Not asked in this country; -5 = Missing; Not available,1 = Important (original 1); 2 = Not mentioned (original 2),"Haven labelled values converted to an ordered factor, then ordered factors are converted to ordinal integers with negative missing codes set to NA.","Original negative missing/non-response codes (for example -1 Don't know, -2 No answer/refused, -4 Not asked, -5 Missing) are converted to NA before final output.",Q11-Important child qualities: Imagination,WVS Wave 7 Variables Report V6.0; Codebook manual coded index.xlsx; WVS_Wave7_Setup.R
Q12,"SOCIAL VALUES, ATTITUDES & STEREOTYPES",False,False,Not selected for display in Variable_Display_Logical.,factor_ordered,ordered numeric in indiv_ordinal; ordered factor in intermediate indiv,Tolerance and respect,Important child qualities: Tolerance and respect for other people,"Here is a list of qualities that children can be encouraged to learn at home. Which, if any, do you consider to be especially important? Please choose up to five. - Tolerance and respect for other people",,2 = Not mentioned; 1 = Important; -1 = Don't know; -2 = No answer; -4 = Not asked in this country; -5 = Missing; Not available,1 = Important (original 1); 2 = Not mentioned (original 2),"Haven labelled values converted to an ordered factor, then ordered factors are converted to ordinal integers with negative missing codes set to NA.","Original negative missing/non-response codes (for example -1 Don't know, -2 No answer/refused, -4 Not asked, -5 Missing) are converted to NA before final output.",Q12-Important child qualities: Tolerance and respect for other people,WVS Wave 7 Variables Report V6.0; Codebook manual coded index.xlsx; WVS_Wave7_Setup.R
Q13,"SOCIAL VALUES, ATTITUDES & STEREOTYPES",False,False,Not selected for display in Variable_Display_Logical.,factor_ordered,ordered numeric in indiv_ordinal; ordered factor in intermediate indiv,"Thrift, saving money and things",Important child qualities: Thrift saving money and things,"Here is a list of qualities that children can be encouraged to learn at home. Which, if any, do you consider to be especially important? Please choose up to five. - Thrift saving money and things",,2 = Not mentioned; 1 = Important; -1 = Don't know; -2 = No answer; -4 = Not asked in this country; -5 = Missing; Not available,1 = Important (original 1); 2 = Not mentioned (original 2),"Haven labelled values converted to an ordered factor, then ordered factors are converted to ordinal integers with negative missing codes set to NA.","Original negative missing/non-response codes (for example -1 Don't know, -2 No answer/refused, -4 Not asked, -5 Missing) are converted to NA before final output.",Q13-Important child qualities: Thrift saving money and things,WVS Wave 7 Variables Report V6.0; Codebook manual coded index.xlsx; WVS_Wave7_Setup.R
Q14,"SOCIAL VALUES, ATTITUDES & STEREOTYPES",False,False,Not selected for display in Variable_Display_Logical.,factor_ordered,ordered numeric in indiv_ordinal; ordered factor in intermediate indiv,"Determination, perseverance",Important child qualities: Determination perseverance,"Here is a list of qualities that children can be encouraged to learn at home. Which, if any, do you consider to be especially important? Please choose up to five. - Determination, perseverance",,2 = Not mentioned; 1 = Important; -1 = Don't know; -2 = No answer; -4 = Not asked in this country; -5 = Missing; Not available,1 = Important (original 1); 2 = Not mentioned (original 2),"Haven labelled values converted to an ordered factor, then ordered factors are converted to ordinal integers with negative missing codes set to NA.","Original negative missing/non-response codes (for example -1 Don't know, -2 No answer/refused, -4 Not asked, -5 Missing) are converted to NA before final output.",Q14-Important child qualities: Determination perseverance,WVS Wave 7 Variables Report V6.0; Codebook manual coded index.xlsx; WVS_Wave7_Setup.R
Q15,"SOCIAL VALUES, ATTITUDES & STEREOTYPES",False,False,Not selected for display in Variable_Display_Logical.,factor_ordered,ordered numeric in indiv_ordinal; ordered factor in intermediate indiv,Religious faith,Important child qualities: Religious faith,"Here is a list of qualities that children can be encouraged to learn at home. Which, if any, do you consider to be especially important? Please choose up to five. - Religious faith",,2 = Not mentioned; 1 = Important; -1 = Don't know; -2 = No answer; -4 = Not asked in this country; -5 = Missing; Not available,1 = Important (original 1); 2 = Not mentioned (original 2),"Haven labelled values converted to an ordered factor, then ordered factors are converted to ordinal integers with negative missing codes set to NA.","Original negative missing/non-response codes (for example -1 Don't know, -2 No answer/refused, -4 Not asked, -5 Missing) are converted to NA before final output.",Q15-Important child qualities: Religious faith,WVS Wave 7 Variables Report V6.0; Codebook manual coded index.xlsx; WVS_Wave7_Setup.R
Q16,"SOCIAL VALUES, ATTITUDES & STEREOTYPES",False,False,Not selected for display in Variable_Display_Logical.,factor_ordered,ordered numeric in indiv_ordinal; ordered factor in intermediate indiv,Not being selfish,Important child qualities: Unselfishness,"Here is a list of qualities that children can be encouraged to learn at home. Which, if any, do you consider to be especially important? Please choose up to five. - Not being selfish (unselfishness)",,2 = Not mentioned; 1 = Important; -1 = Don't know; -2 = No answer; -4 = Not asked in this country; -5 = Missing; Not available,1 = Important (original 1); 2 = Not mentioned (original 2),"Haven labelled values converted to an ordered factor, then ordered factors are converted to ordinal integers with negative missing codes set to NA.","Original negative missing/non-response codes (for example -1 Don't know, -2 No answer/refused, -4 Not asked, -5 Missing) are converted to NA before final output.",Q16-Important child qualities: Unselfishness,WVS Wave 7 Variables Report V6.0; Codebook manual coded index.xlsx; WVS_Wave7_Setup.R
Q17,"SOCIAL VALUES, ATTITUDES & STEREOTYPES",False,False,Not selected for display in Variable_Display_Logical.,factor_ordered,ordered numeric in indiv_ordinal; ordered factor in intermediate indiv,Obedience,Important child qualities: Obedience,"Here is a list of qualities that children can be encouraged to learn at home. Which, if any, do you consider to be especially important? Please choose up to five. - Obedience",,2 = Not mentioned; 1 = Important; -1 = Don't know; -2 = No answer; -4 = Not asked in this country; -5 = Missing; Not available,1 = Important (original 1); 2 = Not mentioned (original 2),"Haven labelled values converted to an ordered factor, then ordered factors are converted to ordinal integers with negative missing codes set to NA.","Original negative missing/non-response codes (for example -1 Don't know, -2 No answer/refused, -4 Not asked, -5 Missing) are converted to NA before final output.",Q17-Important child qualities: Obedience,WVS Wave 7 Variables Report V6.0; Codebook manual coded index.xlsx; WVS_Wave7_Setup.R
Q18,"SOCIAL VALUES, ATTITUDES & STEREOTYPES",False,False,Not selected for display in Variable_Display_Logical.,factor_ordered,ordered numeric in indiv_ordinal; ordered factor in intermediate indiv,Drug addicts,Neighbors: Drug addicts,On this list are various groups of people. Could you please mention any that you would not like to have as neighbors? - Drug addicts,,1 = Mentioned; 2 = Not mentioned; -1 = Don't know; -2 = No answer; -4 = Not asked; -5 = Missing; Not available,1 = Mentioned (original 1); 2 = Not mentioned (original 2),"Haven labelled values converted to an ordered factor, then ordered factors are converted to ordinal integers with negative missing codes set to NA.","Original negative missing/non-response codes (for example -1 Don't know, -2 No answer/refused, -4 Not asked, -5 Missing) are converted to NA before final output.",Q18-Neighbors: Drug addicts,WVS Wave 7 Variables Report V6.0; Codebook manual coded index.xlsx; WVS_Wave7_Setup.R
Q19,"SOCIAL VALUES, ATTITUDES & STEREOTYPES",False,False,Not selected for display in Variable_Display_Logical.,factor_ordered,ordered numeric in indiv_ordinal; ordered factor in intermediate indiv,People of a different race,Neighbors: People of a different race,On this list are various groups of people. Could you please mention any that you would not like to have as neighbors? - People of a different race,,1 = Mentioned; 2 = Not mentioned; -1 = Don't know; -2 = No answer; -4 = Not asked; -5 = Missing; Not available,1 = Mentioned (original 1); 2 = Not mentioned (original 2),"Haven labelled values converted to an ordered factor, then ordered factors are converted to ordinal integers with negative missing codes set to NA.","Original negative missing/non-response codes (for example -1 Don't know, -2 No answer/refused, -4 Not asked, -5 Missing) are converted to NA before final output.",Q19-Neighbors: People of a different race,WVS Wave 7 Variables Report V6.0; Codebook manual coded index.xlsx; WVS_Wave7_Setup.R
Q20,"SOCIAL VALUES, ATTITUDES & STEREOTYPES",False,False,Not selected for display in Variable_Display_Logical.,factor_ordered,ordered numeric in indiv_ordinal; ordered factor in intermediate indiv,People who have AIDS,Neighbors: People who have AIDS,On this list are various groups of people. Could you please mention any that you would not like to have as neighbors? - People who have AIDS,,1 = Mentioned; 2 = Not mentioned; -1 = Don't know; -2 = No answer; -4 = Not asked; -5 = Missing; Not available,1 = Mentioned (original 1); 2 = Not mentioned (original 2),"Haven labelled values converted to an ordered factor, then ordered factors are converted to ordinal integers with negative missing codes set to NA.","Original negative missing/non-response codes (for example -1 Don't know, -2 No answer/refused, -4 Not asked, -5 Missing) are converted to NA before final output.",Q20-Neighbors: People who have AIDS,WVS Wave 7 Variables Report V6.0; Codebook manual coded index.xlsx; WVS_Wave7_Setup.R
Q21,"SOCIAL VALUES, ATTITUDES & STEREOTYPES",False,False,Not selected for display in Variable_Display_Logical.,factor_ordered,ordered numeric in indiv_ordinal; ordered factor in intermediate indiv,Immigrants/foreign workers,Neighbors: Immigrants/foreign workers,On this list are various groups of people. Could you please mention any that you would not like to have as neighbors? - Immigrants/foreign workers,,1 = Mentioned; 2 = Not mentioned; -1 = Don't know; -2 = No answer; -4 = Not asked; -5 = Missing; Not available,1 = Mentioned (original 1); 2 = Not mentioned (original 2),"Haven labelled values converted to an ordered factor, then ordered factors are converted to ordinal integers with negative missing codes set to NA.","Original negative missing/non-response codes (for example -1 Don't know, -2 No answer/refused, -4 Not asked, -5 Missing) are converted to NA before final output.",Q21-Neighbors: Immigrants/foreign workers,WVS Wave 7 Variables Report V6.0; Codebook manual coded index.xlsx; WVS_Wave7_Setup.R
Q22,"SOCIAL VALUES, ATTITUDES & STEREOTYPES",False,False,Not selected for display in Variable_Display_Logical.,factor_ordered,ordered numeric in indiv_ordinal; ordered factor in intermediate indiv,Homosexuals,Neighbors: Homosexuals,On this list are various groups of people. Could you please mention any that you would not like to have as neighbors? - Homosexuals,,1 = Mentioned; 2 = Not mentioned; -1 = Don't know; -2 = No answer; -4 = Not asked; -5 = Missing; Not available,1 = Mentioned (original 1); 2 = Not mentioned (original 2),"Haven labelled values converted to an ordered factor, then ordered factors are converted to ordinal integers with negative missing codes set to NA.","Original negative missing/non-response codes (for example -1 Don't know, -2 No answer/refused, -4 Not asked, -5 Missing) are converted to NA before final output.",Q22-Neighbors: Homosexuals,WVS Wave 7 Variables Report V6.0; Codebook manual coded index.xlsx; WVS_Wave7_Setup.R
Q23,"SOCIAL VALUES, ATTITUDES & STEREOTYPES",False,False,Not selected for display in Variable_Display_Logical.,factor_ordered,ordered numeric in indiv_ordinal; ordered factor in intermediate indiv,People of a different religion,Neighbors: People of a different religion,On this list are various groups of people. Could you please mention any that you would not like to have as neighbors? - People of a different religion,,1 = Mentioned; 2 = Not mentioned; -1 = Don't know; -2 = No answer; -4 = Not asked; -5 = Missing; Not available,1 = Mentioned (original 1); 2 = Not mentioned (original 2),"Haven labelled values converted to an ordered factor, then ordered factors are converted to ordinal integers with negative missing codes set to NA.","Original negative missing/non-response codes (for example -1 Don't know, -2 No answer/refused, -4 Not asked, -5 Missing) are converted to NA before final output.",Q23-Neighbors: People of a different religion,WVS Wave 7 Variables Report V6.0; Codebook manual coded index.xlsx; WVS_Wave7_Setup.R
Q24,"SOCIAL VALUES, ATTITUDES & STEREOTYPES",False,False,Not selected for display in Variable_Display_Logical.,factor_ordered,ordered numeric in indiv_ordinal; ordered factor in intermediate indiv,Heavy drinkers,Neighbors: Heavy drinkers,On this list are various groups of people. Could you please mention any that you would not like to have as neighbors? Heavy drinkers,,1 = Mentioned; 2 = Not mentioned; -1 = Don't know; -2 = No answer; -4 = Not asked; -5 = Missing; Not available,1 = Mentioned (original 1); 2 = Not mentioned (original 2),"Haven labelled values converted to an ordered factor, then ordered factors are converted to ordinal integers with negative missing codes set to NA.","Original negative missing/non-response codes (for example -1 Don't know, -2 No answer/refused, -4 Not asked, -5 Missing) are converted to NA before final output.",Q24-Neighbors: Heavy drinkers,WVS Wave 7 Variables Report V6.0; Codebook manual coded index.xlsx; WVS_Wave7_Setup.R
Q25,"SOCIAL VALUES, ATTITUDES & STEREOTYPES",False,False,Not selected for display in Variable_Display_Logical.,factor_ordered,ordered numeric in indiv_ordinal; ordered factor in intermediate indiv,Unmarried couples living together,Neighbors: Unmarried couples living together,On this list are various groups of people. Could you please mention any that you would not like to have as neighbors? - Unmarried couples living together,,1 = Mentioned; 2 = Not mentioned; -1 = Don't know; -2 = No answer; -4 = Not asked; -5 = Missing; Not available,1 = Mentioned (original 1); 2 = Not mentioned (original 2),"Haven labelled values converted to an ordered factor, then ordered factors are converted to ordinal integers with negative missing codes set to NA.","Original negative missing/non-response codes (for example -1 Don't know, -2 No answer/refused, -4 Not asked, -5 Missing) are converted to NA before final output.",Q25-Neighbors: Unmarried couples living together,WVS Wave 7 Variables Report V6.0; Codebook manual coded index.xlsx; WVS_Wave7_Setup.R
Q26,"SOCIAL VALUES, ATTITUDES & STEREOTYPES",False,False,Not selected for display in Variable_Display_Logical.,factor_ordered,ordered numeric in indiv_ordinal; ordered factor in intermediate indiv,People who speak a different language,Neighbors: People who speak a different language,On this list are various groups of people. Could you please mention any that you would not like to have as neighbors? - People who speak a different language,,1 = Mentioned; 2 = Not mentioned; -1 = Don't know; -2 = No answer; -4 = Not asked; -5 = Missing; Not available,1 = Mentioned (original 1); 2 = Not mentioned (original 2),"Haven labelled values converted to an ordered factor, then ordered factors are converted to ordinal integers with negative missing codes set to NA.","Original negative missing/non-response codes (for example -1 Don't know, -2 No answer/refused, -4 Not asked, -5 Missing) are converted to NA before final output.",Q26-Neighbors: People who speak a different language,WVS Wave 7 Variables Report V6.0; Codebook manual coded index.xlsx; WVS_Wave7_Setup.R
Q27,"SOCIAL VALUES, ATTITUDES & STEREOTYPES",False,False,Not selected for display in Variable_Display_Logical.,factor_ordered,ordered numeric in indiv_ordinal; ordered factor in intermediate indiv,One of my main goals in life has been to make my parents proud,One of main goals in life has been to make my parents proud,"For each of the following statements I read out, can you tell me how much you agree with each. Do you agree strongly, agree, disagree, or disagree strongly? - One of my main goals in life has been to make my parents proud",,1 = Agree strongly; 2 = Agree; 3 = Disagree; 4 = Strongly disagree; -1 = Don't know; -2 = No answer; -4 = Not asked; -5 = Missing; Not available,1 = Agree strongly (original 1); 2 = Agree (original 2); 3 = Disagree (original 3); 4 = Strongly disagree (original 4),"Haven labelled values converted to an ordered factor, then ordered factors are converted to ordinal integers with negative missing codes set to NA.","Original negative missing/non-response codes (for example -1 Don't know, -2 No answer/refused, -4 Not asked, -5 Missing) are converted to NA before final output.",Q27-One of main goals in life has been to make my parents proud,WVS Wave 7 Variables Report V6.0; Codebook manual coded index.xlsx; WVS_Wave7_Setup.R
Q28,"SOCIAL VALUES, ATTITUDES & STEREOTYPES",False,False,Not selected for display in Variable_Display_Logical.,factor_ordered,ordered numeric in indiv_ordinal; ordered factor in intermediate indiv,"When a mother works for pay, the children suffer",Pre-school child suffers with working mother,"For each of the following statements I read out, can you tell me how much you agree with each. Do you agree strongly, agree, disagree, or disagree strongly? - When a mother works for pay, the children suffer",,1 = Agree strongly; 2 = Agree; 3 = Disagree; 4 = Strongly disagree; -1 = Don't know; -2 = No answer; -4 = Not asked; -5 = Missing; Not available,1 = Agree strongly (original 1); 2 = Agree (original 2); 3 = Disagree (original 3); 4 = Strongly disagree (original 4),"Haven labelled values converted to an ordered factor, then ordered factors are converted to ordinal integers with negative missing codes set to NA.","Original negative missing/non-response codes (for example -1 Don't know, -2 No answer/refused, -4 Not asked, -5 Missing) are converted to NA before final output.",Q28-Pre-school child suffers with working mother,WVS Wave 7 Variables Report V6.0; Codebook manual coded index.xlsx; WVS_Wave7_Setup.R
Q29,"SOCIAL VALUES, ATTITUDES & STEREOTYPES",False,False,Not selected for display in Variable_Display_Logical.,factor_ordered,ordered numeric in indiv_ordinal; ordered factor in intermediate indiv,"On the whole, men make better political leaders than women do",Men make better political leaders than women do,"For each of the following statements I read out, can you tell me how much you agree with each. Do you agree strongly, agree, disagree, or disagree strongly? - On the whole, men make better political leaders than women do",,1 = Agree strongly; 2 = Agree; 3 = Disagree; 4 = Strongly disagree; -1 = Don't know; -2 = No answer; -4 = Not asked; -5 = Missing; Not available,1 = Agree strongly (original 1); 2 = Agree (original 2); 3 = Disagree (original 3); 4 = Strongly disagree (original 4),"Haven labelled values converted to an ordered factor, then ordered factors are converted to ordinal integers with negative missing codes set to NA.","Original negative missing/non-response codes (for example -1 Don't know, -2 No answer/refused, -4 Not asked, -5 Missing) are converted to NA before final output.",Q29-Men make better political leaders than women do,WVS Wave 7 Variables Report V6.0; Codebook manual coded index.xlsx; WVS_Wave7_Setup.R
Q30,"SOCIAL VALUES, ATTITUDES & STEREOTYPES",False,False,Not selected for display in Variable_Display_Logical.,factor_ordered,ordered numeric in indiv_ordinal; ordered factor in intermediate indiv,A university education is more important for a boy than for a girl,University is more important for a boy than for a girl,"For each of the following statements I read out, can you tell me how much you agree with each. Do you agree strongly, agree, disagree, or disagree strongly? - A university education is more important for a boy than for a girl",,1 = Agree strongly; 2 = Agree; 3 = Disagree; 4 = Strongly disagree; -1 = Don't know; -2 = No answer; -4 = Not asked; -5 = Missing; Not available,1 = Agree strongly (original 1); 2 = Agree (original 2); 3 = Disagree (original 3); 4 = Strongly disagree (original 4),"Haven labelled values converted to an ordered factor, then ordered factors are converted to ordinal integers with negative missing codes set to NA.","Original negative missing/non-response codes (for example -1 Don't know, -2 No answer/refused, -4 Not asked, -5 Missing) are converted to NA before final output.",Q30-University is more important for a boy than for a girl,WVS Wave 7 Variables Report V6.0; Codebook manual coded index.xlsx; WVS_Wave7_Setup.R
Q31,"SOCIAL VALUES, ATTITUDES & STEREOTYPES",False,False,Not selected for display in Variable_Display_Logical.,factor_ordered,ordered numeric in indiv_ordinal; ordered factor in intermediate indiv,"On the whole, men make better business executives than women do",Men make better business executives than women do,"For each of the following statements I read out, can you tell me how strongly you agree or disagree with each. Do you strongly agree, agree, disagree, or strongly disagree? - On the whole, men make better business executives than women do",,1 = Agree strongly; 2 = Agree; 3 = Disagree; 4 = Strongly disagree; -1 = Don't know; -2 = No answer; -4 = Not asked; -5 = Missing; Unknown,1 = Agree strongly (original 1); 2 = Agree (original 2); 3 = Disagree (original 3); 4 = Strongly disagree (original 4),"Haven labelled values converted to an ordered factor, then ordered factors are converted to ordinal integers with negative missing codes set to NA.","Original negative missing/non-response codes (for example -1 Don't know, -2 No answer/refused, -4 Not asked, -5 Missing) are converted to NA before final output.",Q31-Men make better business executives than women do,WVS Wave 7 Variables Report V6.0; Codebook manual coded index.xlsx; WVS_Wave7_Setup.R
Q32,"SOCIAL VALUES, ATTITUDES & STEREOTYPES",False,False,Not selected for display in Variable_Display_Logical.,factor_ordered,ordered numeric in indiv_ordinal; ordered factor in intermediate indiv,Being a housewife is just as fulfilling as working for pay,Being a housewife just as fulfilling,"For each of the following statements I read out, can you tell me how much you agree with each. Do you agree strongly, agree, disagree, or disagree strongly? - Being a housewife is just as fulfilling as working for pay",,1 = Agree strongly; 2 = Agree; 3 = Disagree; 4 = Strongly disagree; -1 = Don't know; -2 = No answer; -4 = Not asked; -5 = Missing; Unknown,1 = Agree strongly (original 1); 2 = Agree (original 2); 3 = Disagree (original 3); 4 = Strongly disagree (original 4),"Haven labelled values converted to an ordered factor, then ordered factors are converted to ordinal integers with negative missing codes set to NA.","Original negative missing/non-response codes (for example -1 Don't know, -2 No answer/refused, -4 Not asked, -5 Missing) are converted to NA before final output.",Q32-Being a housewife just as fulfilling,WVS Wave 7 Variables Report V6.0; Codebook manual coded index.xlsx; WVS_Wave7_Setup.R
Q33,"SOCIAL VALUES, ATTITUDES & STEREOTYPES",False,False,Not selected for display in Variable_Display_Logical.,factor_ordered,ordered numeric in indiv_ordinal; ordered factor in intermediate indiv,"When jobs are scarce, men should have more right to a job than women",Jobs scarce: Men should have more right to a job than women,"Do you agree, disagree or neither agree nor disagree with the following statements? - When jobs are scarce, men should have more right to a job than women",,1 = Agree strongly; 2 = Agree; 3 = Neither agree nor disagree; 4 = Disagree; 5 = Disagree strongly; -1 = Don't know; -2 = No answer; -4 = Not asked; -5 = Missing; Not available,1 = Agree strongly (original 1); 2 = Agree (original 2); 3 = Neither agree nor disagree (original 3); 4 = Disagree (original 4); 5 = Disagree strongly (original 5),"Haven labelled values converted to an ordered factor, then ordered factors are converted to ordinal integers with negative missing codes set to NA.","Original negative missing/non-response codes (for example -1 Don't know, -2 No answer/refused, -4 Not asked, -5 Missing) are converted to NA before final output.",Q33-Jobs scarce: Men should have more right to a job than women,WVS Wave 7 Variables Report V6.0; Codebook manual coded index.xlsx; WVS_Wave7_Setup.R
Q34,"SOCIAL VALUES, ATTITUDES & STEREOTYPES",False,False,Not selected for display in Variable_Display_Logical.,factor_ordered,ordered numeric in indiv_ordinal; ordered factor in intermediate indiv,"When jobs are scarce, employers should give priority to people of this country over immigrants",Jobs scarce: Employers should give priority to (nation) people than immigrants,"Do you agree, disagree or neither agree nor disagree with the following statements? - When jobs are scarce, employers should give priority to people of this country over immigrants.",,1 = Agree strongly; 2 = Agree; 3 = Neither agree nor disagree; 4 = Disagree; 5 = Disagree strongly; -1 = Don't know; -2 = No answer; -4 = Not asked; -5 = Missing; Not available,1 = Agree strongly (original 1); 2 = Agree (original 2); 3 = Neither agree nor disagree (original 3); 4 = Disagree (original 4); 5 = Disagree strongly (original 5),"Haven labelled values converted to an ordered factor, then ordered factors are converted to ordinal integers with negative missing codes set to NA.","Original negative missing/non-response codes (for example -1 Don't know, -2 No answer/refused, -4 Not asked, -5 Missing) are converted to NA before final output.",Q34-Jobs scarce: Employers should give priority to (nation) people than immigrants,WVS Wave 7 Variables Report V6.0; Codebook manual coded index.xlsx; WVS_Wave7_Setup.R
Q35,"SOCIAL VALUES, ATTITUDES & STEREOTYPES",False,False,Not selected for display in Variable_Display_Logical.,factor_ordered,ordered numeric in indiv_ordinal; ordered factor in intermediate indiv,"If a woman earns more money than her husband, it's almost certain to cause problems",Problem if women have more income than husband,"Do you agree, disagree or neither agree nor disagree with the following statements? - If a woman earns more money than her husband, it's almost certain to cause problems",,1 = Strongly agree; 2 = Agree; 3 = Neither agree nor disagree; 4 = Disagree; 5 = Disagree strongly; -1 = Don't know; -2 = No answer; -4 = Not asked; -5 = Missing; Unknown,1 = Strongly agree (original 1); 2 = Agree (original 2); 3 = Neither agree nor disagree (original 3); 4 = Disagree (original 4); 5 = Disagree strongly (original 5),"Haven labelled values converted to an ordered factor, then ordered factors are converted to ordinal integers with negative missing codes set to NA.","Original negative missing/non-response codes (for example -1 Don't know, -2 No answer/refused, -4 Not asked, -5 Missing) are converted to NA before final output.",Q35-Problem if women have more income than husband,WVS Wave 7 Variables Report V6.0; Codebook manual coded index.xlsx; WVS_Wave7_Setup.R
Q36,"SOCIAL VALUES, ATTITUDES & STEREOTYPES",False,False,Not selected for display in Variable_Display_Logical.,factor_ordered,ordered numeric in indiv_ordinal; ordered factor in intermediate indiv,Homosexual couples are as good parents as other couples,Homosexual couples are as good parents as other couples,"Do you agree, disagree or neither agree nor disagree with the following statements? - Homosexual couples are as good parents as other couples",,1 = Agree strongly; 2 = Agree; 3 = Neither agree nor disagree; 4 = Disagree; 5 = Disagree strongly; -1 = Don't know; -2 = No answer; -4 = Not asked; -5 = Missing; Not available,1 = Agree strongly (original 1); 2 = Agree (original 2); 3 = Neither agree nor disagree (original 3); 4 = Disagree (original 4); 5 = Disagree strongly (original 5),"Haven labelled values converted to an ordered factor, then ordered factors are converted to ordinal integers with negative missing codes set to NA.","Original negative missing/non-response codes (for example -1 Don't know, -2 No answer/refused, -4 Not asked, -5 Missing) are converted to NA before final output.",Q36-Homosexual couples are as good parents as other couples,WVS Wave 7 Variables Report V6.0; Codebook manual coded index.xlsx; WVS_Wave7_Setup.R
Q37,"SOCIAL VALUES, ATTITUDES & STEREOTYPES",False,False,Not selected for display in Variable_Display_Logical.,factor_ordered,ordered numeric in indiv_ordinal; ordered factor in intermediate indiv,It is a duty towards society to have children,Duty towards society to have children,"Do you agree, disagree or neither agree nor disagree with the following statements? - It is a duty towards society to have children",,1 = Agree strongly; 2 = Agree; 3 = Neither agree nor disagree; 4 = Disagree; 5 = Disagree strongly; -1 = Don't know; -2 = No answer; -4 = Not asked; -5 = Missing; Unknown,1 = Agree strongly (original 1); 2 = Agree (original 2); 3 = Neither agree nor disagree (original 3); 4 = Disagree (original 4); 5 = Disagree strongly (original 5),"Haven labelled values converted to an ordered factor, then ordered factors are converted to ordinal integers with negative missing codes set to NA.","Original negative missing/non-response codes (for example -1 Don't know, -2 No answer/refused, -4 Not asked, -5 Missing) are converted to NA before final output.",Q37-Duty towards society to have children,WVS Wave 7 Variables Report V6.0; Codebook manual coded index.xlsx; WVS_Wave7_Setup.R
Q38,"SOCIAL VALUES, ATTITUDES & STEREOTYPES",False,False,Not selected for display in Variable_Display_Logical.,factor_ordered,ordered numeric in indiv_ordinal; ordered factor in intermediate indiv,Adult children have the duty to provide long-term care for their parents,It is children duty to take care of ill parent,"Do you agree, disagree or neither agree nor disagree with the following statements? - Adult children have the duty to provide long-term care for their parents",,1 = Agree strongly; 2 = Agree; 3 = Neither agree nor disagree; 4 = Disagree; 5 = Disagree strongly; -1 = Don't know; -2 = No answer; -4 = Not asked; -5 = Missing; Not available,1 = Agree strongly (original 1); 2 = Agree (original 2); 3 = Neither agree nor disagree (original 3); 4 = Disagree (original 4); 5 = Disagree strongly (original 5),"Haven labelled values converted to an ordered factor, then ordered factors are converted to ordinal integers with negative missing codes set to NA.","Original negative missing/non-response codes (for example -1 Don't know, -2 No answer/refused, -4 Not asked, -5 Missing) are converted to NA before final output.",Q38-It is children duty to take care of ill parent,WVS Wave 7 Variables Report V6.0; Codebook manual coded index.xlsx; WVS_Wave7_Setup.R
Q39,"SOCIAL VALUES, ATTITUDES & STEREOTYPES",False,False,Not selected for display in Variable_Display_Logical.,factor_ordered,ordered numeric in indiv_ordinal; ordered factor in intermediate indiv,People who don't work turn lazy,People who don't work turn lazy,Do you agree or disagree with the following statements? - People who don't work turn lazy,,1 = Strongly agree; 2 = Agree; 3 = Neither agree or disagree; 4 = Disagree; 5 = Strongly disagree; -1 = Don't know; -2 = No answer; -4 = Not asked; -5 = Missing; Unknown,1 = Strongly agree (original 1); 2 = Agree (original 2); 3 = Neither agree or disagree (original 3); 4 = Disagree (original 4); 5 = Strongly disagree (original 5),"Haven labelled values converted to an ordered factor, then ordered factors are converted to ordinal integers with negative missing codes set to NA.","Original negative missing/non-response codes (for example -1 Don't know, -2 No answer/refused, -4 Not asked, -5 Missing) are converted to NA before final output.",Q39-People who don't work turn lazy,WVS Wave 7 Variables Report V6.0; Codebook manual coded index.xlsx; WVS_Wave7_Setup.R
Q40,"SOCIAL VALUES, ATTITUDES & STEREOTYPES",False,False,Not selected for display in Variable_Display_Logical.,factor_ordered,ordered numeric in indiv_ordinal; ordered factor in intermediate indiv,Work is a duty towards society,Work is a duty towards society,Do you agree or disagree with the following statements? - Work is a duty towards society,,1 = Strongly agree; 2 = Agree; 3 = Neither agree or disagree; 4 = Disagree; 5 = Strongly disagree; -1 = Don't know; -2 = No answer; -4 = Not asked; -5 = Missing; Unknown,1 = Strongly agree (original 1); 2 = Agree (original 2); 3 = Neither agree or disagree (original 3); 4 = Disagree (original 4); 5 = Strongly disagree (original 5),"Haven labelled values converted to an ordered factor, then ordered factors are converted to ordinal integers with negative missing codes set to NA.","Original negative missing/non-response codes (for example -1 Don't know, -2 No answer/refused, -4 Not asked, -5 Missing) are converted to NA before final output.",Q40-Work is a duty towards society,WVS Wave 7 Variables Report V6.0; Codebook manual coded index.xlsx; WVS_Wave7_Setup.R
Q41,"SOCIAL VALUES, ATTITUDES & STEREOTYPES",False,False,Not selected for display in Variable_Display_Logical.,factor_ordered,ordered numeric in indiv_ordinal; ordered factor in intermediate indiv,"Work should always come first, even if it means less spare time",Work should always come first even if it means less spare time,"Do you agree or disagree with the following statements? - Work should always come first, even if it means less spare time",,1 = Agree strongly; 2 = Agree; 3 = Neither agree nor disagree; 4 = Disagree; 5 = Disagree strongly; -1 = Don't know; -2 = No answer; -4 = Not asked; -5 = Missing; Not available,1 = Agree strongly (original 1); 2 = Agree (original 2); 3 = Neither agree nor disagree (original 3); 4 = Disagree (original 4); 5 = Disagree strongly (original 5),"Haven labelled values converted to an ordered factor, then ordered factors are converted to ordinal integers with negative missing codes set to NA.","Original negative missing/non-response codes (for example -1 Don't know, -2 No answer/refused, -4 Not asked, -5 Missing) are converted to NA before final output.",Q41-Work should always come first even if it means less spare time,WVS Wave 7 Variables Report V6.0; Codebook manual coded index.xlsx; WVS_Wave7_Setup.R
Q42,"SOCIAL VALUES, ATTITUDES & STEREOTYPES",False,False,Not selected for display in Variable_Display_Logical.,factor_ordered,ordered numeric in indiv_ordinal; ordered factor in intermediate indiv,On this card are three basic kinds of attitudes concerning the society we live in. Please choose the one which best describes your own opinion?,Basic kinds of attitudes concerning society,On this card are three basic kinds of attitudes concerning the society we live in. Please choose the one which best describes your own opinion.,,1 = The entire way our society is organized must be radically changed by revolutionary action; 2 = Our society must be gradually improved by reforms; 3 = Our present society must be valiantly defended against all subversive forces; -1 = Don't know; -2 = No answer; -4 = Not asked; -5 = Missing; Not available,1 = The entire way our society is organized must be radically changed by revolutionary action (original 1); 2 = Our society must be gradually improved by reforms (original 2); 3 = Our present society must be valiantly defended against all subversive forces (original 3),"Haven labelled values converted to an ordered factor, then ordered factors are converted to ordinal integers with negative missing codes set to NA.","Original negative missing/non-response codes (for example -1 Don't know, -2 No answer/refused, -4 Not asked, -5 Missing) are converted to NA before final output.",Q42-Basic kinds of attitudes concerning society,WVS Wave 7 Variables Report V6.0; Codebook manual coded index.xlsx; WVS_Wave7_Setup.R
Q43,"SOCIAL VALUES, ATTITUDES & STEREOTYPES",False,False,Not selected for display in Variable_Display_Logical.,factor_ordered,ordered numeric in indiv_ordinal; ordered factor in intermediate indiv,Less importance placed on work,Future changes: Less importance placed on work,"I'm going to read out a list of various changes in our way of life that might take place in the near future. Please tell me for each one, if it were to happen, whether you think it would be a good thing, a bad thing, or don't you mind? - Less importance placed on work in our lives",,1 = Good thing; 2 = Don't mind; 3 = Bad thing; -1 = Don't know; -2 = No answer; -4 = Not asked; -5 = Missing; Not available,1 = Good thing (original 1); 2 = Don't mind (original 2); 3 = Bad thing (original 3),"Haven labelled values converted to an ordered factor, then ordered factors are converted to ordinal integers with negative missing codes set to NA.","Original negative missing/non-response codes (for example -1 Don't know, -2 No answer/refused, -4 Not asked, -5 Missing) are converted to NA before final output.",Q43-Future changes: Less importance placed on work,WVS Wave 7 Variables Report V6.0; Codebook manual coded index.xlsx; WVS_Wave7_Setup.R
Q44,"SOCIAL VALUES, ATTITUDES & STEREOTYPES",False,False,Not selected for display in Variable_Display_Logical.,factor_ordered,ordered numeric in indiv_ordinal; ordered factor in intermediate indiv,More emphasis on the development of technology,Future changes: More emphasis on technology,"I'm going to read out a list of various changes in our way of life that might take place in the near future. Please tell me for each one, if it were to happen, whether you think it would be a good thing, a bad thing, or don't you mind? - More emphasis on the development of technology",,1 = Good thing; 2 = Don't mind; 3 = Bad thing; -1 = Don't know; -2 = No answer; -4 = Not asked; -5 = Missing; Unknown,1 = Good thing (original 1); 2 = Don't mind (original 2); 3 = Bad thing (original 3),"Haven labelled values converted to an ordered factor, then ordered factors are converted to ordinal integers with negative missing codes set to NA.","Original negative missing/non-response codes (for example -1 Don't know, -2 No answer/refused, -4 Not asked, -5 Missing) are converted to NA before final output.",Q44-Future changes: More emphasis on technology,WVS Wave 7 Variables Report V6.0; Codebook manual coded index.xlsx; WVS_Wave7_Setup.R
Q45,"SOCIAL VALUES, ATTITUDES & STEREOTYPES",False,False,Not selected for display in Variable_Display_Logical.,factor_ordered,ordered numeric in indiv_ordinal; ordered factor in intermediate indiv,Greater respect for authority,Future changes: Greater respect for authority,"I'm going to read out a list of various changes in our way of life that might take place in the near future. Please tell me for each one, if it were to happen, whether you think it would be a good thing, a bad thing, or don't you mind? - Greater respect for authority",,1 = Good thing; 2 = Don't mind; 3 = Bad thing; -1 = Don't know; -2 = No answer; -4 = Not asked; -5 = Missing; Not available Happiness and Wellbeing (Q46-Q56),1 = Good thing (original 1); 2 = Don't mind (original 2); 3 = Bad thing (original 3),"Haven labelled values converted to an ordered factor, then ordered factors are converted to ordinal integers with negative missing codes set to NA.","Original negative missing/non-response codes (for example -1 Don't know, -2 No answer/refused, -4 Not asked, -5 Missing) are converted to NA before final output.",Q45-Future changes: Greater respect for authority,WVS Wave 7 Variables Report V6.0; Codebook manual coded index.xlsx; WVS_Wave7_Setup.R
Q46,HAPPINESS AND WELL-BEING,False,False,Not selected for display in Variable_Display_Logical.,factor_ordered,ordered numeric in indiv_ordinal; ordered factor in intermediate indiv,Happiness level,Feeling of happiness,"Taking all things together, would you say you are:",,1 = Very happy; 2 = Quite happy; 3 = Not very happy; 4 = Not at all happy; -1 = Don't know; -2 = No answer; -4 = Not asked; -5 = Missing; Not available,1 = Very happy (original 1); 2 = Quite happy (original 2); 3 = Not very happy (original 3); 4 = Not at all happy (original 4),"Haven labelled values converted to an ordered factor, then ordered factors are converted to ordinal integers with negative missing codes set to NA.","Original negative missing/non-response codes (for example -1 Don't know, -2 No answer/refused, -4 Not asked, -5 Missing) are converted to NA before final output.",Q46-Feeling of happiness,WVS Wave 7 Variables Report V6.0; Codebook manual coded index.xlsx; WVS_Wave7_Setup.R
Q47,HAPPINESS AND WELL-BEING,False,False,Not selected for display in Variable_Display_Logical.,factor_ordered,ordered numeric in indiv_ordinal; ordered factor in intermediate indiv,State of health,State of health (subjective),"All in all, how would you describe your state of health these days? Would you say it is...",,1 = Very good; 2 = Good; 3 = Fair; 4 = Poor; 5 = Very poor; -1 = Don't know; -2 = No answer; -4 = Not asked in survey; -5 = Missing; Unknown,1 = Very good (original 1); 2 = Good (original 2); 3 = Fair (original 3); 4 = Poor (original 4); 5 = Very poor (original 5),"Haven labelled values converted to an ordered factor, then ordered factors are converted to ordinal integers with negative missing codes set to NA.","Original negative missing/non-response codes (for example -1 Don't know, -2 No answer/refused, -4 Not asked, -5 Missing) are converted to NA before final output.",Q47-State of health (subjective),WVS Wave 7 Variables Report V6.0; Codebook manual coded index.xlsx; WVS_Wave7_Setup.R
Q48,HAPPINESS AND WELL-BEING,False,False,Not selected for display in Variable_Display_Logical.,integer,integer/numeric,Freedom of choice and control,How much freedom of choice and control,"Some people feel they have completely free choice and control over their lives, while other people feel that what they do has no real effect on what happens to them. Please use this scale where 1 means ""none at all"" and 10 means ""a great deal"" to indicate how much freedom of choice and control you feel you have over the way your life turns out.","1 = No choice at all, 10 = A great deal of choice",10 = A great deal; 9 = 9; 8 = 8; 7 = 7; 6 = 6; 5 = 5; 4 = 4; 3 = 3; 2 = 2; 1 = None at all; -1 = Don't know; -2 = No answer; -4 = Not asked; -5 = Missing; Unknown,10 = A great deal; 9 = 9; 8 = 8; 7 = 7; 6 = 6; 5 = 5; 4 = 4; 3 = 3; 2 = 2; 1 = None at all,Original numeric values retained; all values below 0 are set to NA.,"Original negative missing/non-response codes (for example -1 Don't know, -2 No answer/refused, -4 Not asked, -5 Missing) are converted to NA before final output.",Q48-How much freedom of choice and control,WVS Wave 7 Variables Report V6.0; Codebook manual coded index.xlsx; WVS_Wave7_Setup.R
Q49,HAPPINESS AND WELL-BEING,False,False,Not selected for display in Variable_Display_Logical.,integer,integer/numeric,Satisfaction with life as a whole,Satisfaction with your life,"All things considered, how satisfied are you with your life as a whole these days?","1 = Completely dissatified, 10 = Completely satisfied",10 = Completely satisfied; 9 = 9; 8 = 8; 7 = 7; 6 = 6; 5 = 5; 4 = 4; 3 = 3; 2 = 2; 1 = Completely dissatisfied; -1 = Don't know; -2 = No answer; -4 = Not asked; -5 = Missing; Not available,10 = Completely satisfied; 9 = 9; 8 = 8; 7 = 7; 6 = 6; 5 = 5; 4 = 4; 3 = 3; 2 = 2; 1 = Completely dissatisfied,Original numeric values retained; all values below 0 are set to NA.,"Original negative missing/non-response codes (for example -1 Don't know, -2 No answer/refused, -4 Not asked, -5 Missing) are converted to NA before final output.",Q49-Satisfaction with your life,WVS Wave 7 Variables Report V6.0; Codebook manual coded index.xlsx; WVS_Wave7_Setup.R
Q50,HAPPINESS AND WELL-BEING,False,False,Not selected for display in Variable_Display_Logical.,integer,integer/numeric,Satisfaction with the financial situation of your household,Satisfaction with financial situation of household,"How satisfied are you with the financial situation of your household? If '1' means you are completely dissatisfied on this scale, and '10' means you are completely satisfied, where would you put your satisfaction with your household's financial situation?","1 = Completely dissatified, 10 = Completely satisfied",10 = Satisfied; 9 = 9; 8 = 8; 7 = 7; 6 = 6; 5 = 5; 4 = 4; 3 = 3; 2 = 2; 1 = Dissatisfied; -1 = Don't know; -2 = No answer; -4 = Not asked; -5 = Missing; Unknown,10 = Satisfied; 9 = 9; 8 = 8; 7 = 7; 6 = 6; 5 = 5; 4 = 4; 3 = 3; 2 = 2; 1 = Dissatisfied,Original numeric values retained; all values below 0 are set to NA.,"Original negative missing/non-response codes (for example -1 Don't know, -2 No answer/refused, -4 Not asked, -5 Missing) are converted to NA before final output.",Q50-Satisfaction with financial situation of household,WVS Wave 7 Variables Report V6.0; Codebook manual coded index.xlsx; WVS_Wave7_Setup.R
Q51,HAPPINESS AND WELL-BEING,False,False,Not selected for display in Variable_Display_Logical.,factor_ordered,ordered numeric in indiv_ordinal; ordered factor in intermediate indiv,Gone without enough food to eat,Frequency you/family (last 12 month): Gone without enough food to eat,"In the last 12 months, how often have you or your family: Gone without enough food to eat",,1 = Often; 2 = Sometimes; 3 = Rarely; 4 = Never; -1 = Don't know; -2 = No answer; -4 = Not asked; -5 = Missing; Not available,1 = Often (original 1); 2 = Sometimes (original 2); 3 = Rarely (original 3); 4 = Never (original 4),"Haven labelled values converted to an ordered factor, then ordered factors are converted to ordinal integers with negative missing codes set to NA.","Original negative missing/non-response codes (for example -1 Don't know, -2 No answer/refused, -4 Not asked, -5 Missing) are converted to NA before final output.",Q51-Frequency you/family (last 12 month): Gone without enough food to eat,WVS Wave 7 Variables Report V6.0; Codebook manual coded index.xlsx; WVS_Wave7_Setup.R
Q52,HAPPINESS AND WELL-BEING,False,False,Not selected for display in Variable_Display_Logical.,factor_ordered,ordered numeric in indiv_ordinal; ordered factor in intermediate indiv,Felt unsafe from crime in your home,Frequency you/family (last 12 month): Felt unsafe from crime in your own home,"In the last 12 months, how often have you or your family: Felt unsafe from crime in your own home",,1 = Often; 2 = Sometimes; 3 = Rarely; 4 = Never; -1 = Don't know; -2 = No answer; -4 = Not asked; -5 = Missing; Not available,1 = Often (original 1); 2 = Sometimes (original 2); 3 = Rarely (original 3); 4 = Never (original 4),"Haven labelled values converted to an ordered factor, then ordered factors are converted to ordinal integers with negative missing codes set to NA.","Original negative missing/non-response codes (for example -1 Don't know, -2 No answer/refused, -4 Not asked, -5 Missing) are converted to NA before final output.",Q52-Frequency you/family (last 12 month): Felt unsafe from crime in your own home,WVS Wave 7 Variables Report V6.0; Codebook manual coded index.xlsx; WVS_Wave7_Setup.R
Q53,HAPPINESS AND WELL-BEING,False,False,Not selected for display in Variable_Display_Logical.,factor_ordered,ordered numeric in indiv_ordinal; ordered factor in intermediate indiv,Gone without medicine or medical treatment,Frequency you/family (last 12 month): Gone without needed medicine or treatment,"that you needed In the last 12 months, how often have you or your family: Gone without needed medicine or treatment that you needed",,1 = Often; 2 = Sometimes; 3 = Rarely; 4 = Never; -1 = Don't know; -2 = No answer; -4 = Not asked; -5 = Missing; Not available,1 = Often (original 1); 2 = Sometimes (original 2); 3 = Rarely (original 3); 4 = Never (original 4),"Haven labelled values converted to an ordered factor, then ordered factors are converted to ordinal integers with negative missing codes set to NA.","Original negative missing/non-response codes (for example -1 Don't know, -2 No answer/refused, -4 Not asked, -5 Missing) are converted to NA before final output.",Q53-Frequency you/family (last 12 month): Gone without needed medicine or treatment,WVS Wave 7 Variables Report V6.0; Codebook manual coded index.xlsx; WVS_Wave7_Setup.R
Q54,HAPPINESS AND WELL-BEING,False,False,Not selected for display in Variable_Display_Logical.,factor_ordered,ordered numeric in indiv_ordinal; ordered factor in intermediate indiv,Gone without a cash income,Frequency you/family (last 12 month): Gone without a cash income,"In the last 12 months, how often have you or your family: Gone without a cash income",,1 = Often; 2 = Sometimes; 3 = Rarely; 4 = Never; -1 = Don't know; -2 = No answer; -4 = Not asked; -5 = Missing; Unknown,1 = Often (original 1); 2 = Sometimes (original 2); 3 = Rarely (original 3); 4 = Never (original 4),"Haven labelled values converted to an ordered factor, then ordered factors are converted to ordinal integers with negative missing codes set to NA.","Original negative missing/non-response codes (for example -1 Don't know, -2 No answer/refused, -4 Not asked, -5 Missing) are converted to NA before final output.",Q54-Frequency you/family (last 12 month): Gone without a cash income,WVS Wave 7 Variables Report V6.0; Codebook manual coded index.xlsx; WVS_Wave7_Setup.R
Q55,HAPPINESS AND WELL-BEING,False,False,Not selected for display in Variable_Display_Logical.,factor_ordered,ordered numeric in indiv_ordinal; ordered factor in intermediate indiv,Gone without a safe shelter over your head,"In the last 12 month, how often have you or your family: Gone without a safe shelter","over your head In the last 12 months, how often have you or your family: Gone without a safe shelter over your head",,1 = Often; 2 = Sometimes; 3 = Rarely; 4 = Never; -1 = Don't know; -2 = No answer; -4 = Not asked; -5 = Missing; Not available,1 = Often (original 1); 2 = Sometimes (original 2); 3 = Rarely (original 3); 4 = Never (original 4),"Haven labelled values converted to an ordered factor, then ordered factors are converted to ordinal integers with negative missing codes set to NA.","Original negative missing/non-response codes (for example -1 Don't know, -2 No answer/refused, -4 Not asked, -5 Missing) are converted to NA before final output.","Q55-In the last 12 month, how often have you or your family: Gone without a safe shelter",WVS Wave 7 Variables Report V6.0; Codebook manual coded index.xlsx; WVS_Wave7_Setup.R
Q56,HAPPINESS AND WELL-BEING,False,False,Not selected for display in Variable_Display_Logical.,factor,numeric,Standard of living compared to parents,Standard of living comparing with your parents,"Comparing your standard of living with your parents' standard of living when they were about your age, would you say that you are better off, worse off or about the same?",,"1 = Better off; 2 = Worse off; 3 = Or about the same; -1 = Don't know; -2 = No answer; -4 = Not asked; -5 = Missing; Not available Social Capital, Trust and Organizational Membership (Q57-Q105)",-1 = Worse off; 0 = Or about the same; 1 = Better off,Custom recode in setup script; all unmatched responses and original negative missing codes are set to NA.,"Original negative missing/non-response codes (for example -1 Don't know, -2 No answer/refused, -4 Not asked, -5 Missing) are converted to NA before final output.",Q56-Standard of living comparing with your parents,WVS Wave 7 Variables Report V6.0; Codebook manual coded index.xlsx; WVS_Wave7_Setup.R
Q57,"SOCIAL CAPITAL, TRUST & ORGANIZATIONAL MEMBERSHIP",False,False,Not selected for display in Variable_Display_Logical.,factor,numeric,Trust in people,Most people can be trusted,"Generally speaking, would you say that most people can be trusted or that you need to be very careful in dealing with people?",,1 = Most people can be trusted; 2 = Need to be very careful; -1 = Don't know; -2 = No answer; -4 = Not asked; -5 = Missing,0 = Need to be very careful; 1 = Most people can be trusted,Custom recode in setup script; all unmatched responses and original negative missing codes are set to NA.,"Original negative missing/non-response codes (for example -1 Don't know, -2 No answer/refused, -4 Not asked, -5 Missing) are converted to NA before final output.",Q57-Most people can be trusted,WVS Wave 7 Variables Report V6.0; Codebook manual coded index.xlsx; WVS_Wave7_Setup.R
Q58,"SOCIAL CAPITAL, TRUST & ORGANIZATIONAL MEMBERSHIP",False,False,Not selected for display in Variable_Display_Logical.,factor_ordered,ordered numeric in indiv_ordinal; ordered factor in intermediate indiv,Trust in family,How much you trust: Your family,"I ‘d like to ask you how much you trust people from various groups. Could you tell me for each whether you trust people from this group completely, somewhat, not very much or not at all? Your family",,1 = Trust completely; 2 = Trust somewhat; 3 = Do not trust very much; 4 = Do not trust at all; -1 = Don't know; -2 = No answer; -4 = Not asked; -5 = Missing; Not available,1 = Trust completely (original 1); 2 = Trust somewhat (original 2); 3 = Do not trust very much (original 3); 4 = Do not trust at all (original 4),"Haven labelled values converted to an ordered factor, then ordered factors are converted to ordinal integers with negative missing codes set to NA.","Original negative missing/non-response codes (for example -1 Don't know, -2 No answer/refused, -4 Not asked, -5 Missing) are converted to NA before final output.",Q58-How much you trust: Your family,WVS Wave 7 Variables Report V6.0; Codebook manual coded index.xlsx; WVS_Wave7_Setup.R
Q59,"SOCIAL CAPITAL, TRUST & ORGANIZATIONAL MEMBERSHIP",False,False,Not selected for display in Variable_Display_Logical.,factor_ordered,ordered numeric in indiv_ordinal; ordered factor in intermediate indiv,Trust in neighborhood,Trust: Your neighborhood,"I ‘d like to ask you how much you trust people from various groups. Could you tell me for each whether you trust people from this group completely, somewhat, not very much or not at all? Your neighborhood",,1 = Trust completely; 2 = Trust somewhat; 3 = Do not trust very much; 4 = Do not trust at all; -1 = Don't know; -2 = No answer; -4 = Not asked; -5 = Missing; Not available,1 = Trust completely (original 1); 2 = Trust somewhat (original 2); 3 = Do not trust very much (original 3); 4 = Do not trust at all (original 4),"Haven labelled values converted to an ordered factor, then ordered factors are converted to ordinal integers with negative missing codes set to NA.","Original negative missing/non-response codes (for example -1 Don't know, -2 No answer/refused, -4 Not asked, -5 Missing) are converted to NA before final output.",Q59-Trust: Your neighborhood,WVS Wave 7 Variables Report V6.0; Codebook manual coded index.xlsx; WVS_Wave7_Setup.R
Q60,"SOCIAL CAPITAL, TRUST & ORGANIZATIONAL MEMBERSHIP",False,False,Not selected for display in Variable_Display_Logical.,factor_ordered,ordered numeric in indiv_ordinal; ordered factor in intermediate indiv,Trust in people you know personally,Trust: People you know personally,"I ‘d like to ask you how much you trust people from various groups. Could you tell me for each whether you trust people from this group completely, somewhat, not very much or not at all? People you know personally",,1 = Trust completely; 2 = Trust somewhat; 3 = Do not trust very much; 4 = Do not trust at all; -1 = Don't know; -2 = No answer; -4 = Not asked; -5 = Missing; Not available,1 = Trust completely (original 1); 2 = Trust somewhat (original 2); 3 = Do not trust very much (original 3); 4 = Do not trust at all (original 4),"Haven labelled values converted to an ordered factor, then ordered factors are converted to ordinal integers with negative missing codes set to NA.","Original negative missing/non-response codes (for example -1 Don't know, -2 No answer/refused, -4 Not asked, -5 Missing) are converted to NA before final output.",Q60-Trust: People you know personally,WVS Wave 7 Variables Report V6.0; Codebook manual coded index.xlsx; WVS_Wave7_Setup.R
Q61,"SOCIAL CAPITAL, TRUST & ORGANIZATIONAL MEMBERSHIP",False,False,Not selected for display in Variable_Display_Logical.,factor_ordered,ordered numeric in indiv_ordinal; ordered factor in intermediate indiv,Trust in people you meet for the first time,Trust: People you meet for the first time,"I ‘d like to ask you how much you trust people from various groups. Could you tell me for each whether you trust people from this group completely, somewhat, not very much or not at all? People you meet for the first time",,1 = Trust completely; 2 = Trust somewhat; 3 = Do not trust very much; 4 = Do not trust at all; -1 = Don't know; -2 = No answer; -4 = Not asked; -5 = Missing; Not available,1 = Trust completely (original 1); 2 = Trust somewhat (original 2); 3 = Do not trust very much (original 3); 4 = Do not trust at all (original 4),"Haven labelled values converted to an ordered factor, then ordered factors are converted to ordinal integers with negative missing codes set to NA.","Original negative missing/non-response codes (for example -1 Don't know, -2 No answer/refused, -4 Not asked, -5 Missing) are converted to NA before final output.",Q61-Trust: People you meet for the first time,WVS Wave 7 Variables Report V6.0; Codebook manual coded index.xlsx; WVS_Wave7_Setup.R
Q62,"SOCIAL CAPITAL, TRUST & ORGANIZATIONAL MEMBERSHIP",False,False,Not selected for display in Variable_Display_Logical.,factor_ordered,ordered numeric in indiv_ordinal; ordered factor in intermediate indiv,Trust in people of another religion,Trust: People of another religion,"I ‘d like to ask you how much you trust people from various groups. Could you tell me for each whether you trust people from this group completely, somewhat, not very much or not at all? People of another religion",,1 = Trust completely; 2 = Trust somewhat; 3 = Do not trust very much; 4 = Do not trust at all; -1 = Don't know; -2 = No answer; -4 = Not asked; -5 = Missing; Not available,1 = Trust completely (original 1); 2 = Trust somewhat (original 2); 3 = Do not trust very much (original 3); 4 = Do not trust at all (original 4),"Haven labelled values converted to an ordered factor, then ordered factors are converted to ordinal integers with negative missing codes set to NA.","Original negative missing/non-response codes (for example -1 Don't know, -2 No answer/refused, -4 Not asked, -5 Missing) are converted to NA before final output.",Q62-Trust: People of another religion,WVS Wave 7 Variables Report V6.0; Codebook manual coded index.xlsx; WVS_Wave7_Setup.R
Q63,"SOCIAL CAPITAL, TRUST & ORGANIZATIONAL MEMBERSHIP",False,False,Not selected for display in Variable_Display_Logical.,factor_ordered,ordered numeric in indiv_ordinal; ordered factor in intermediate indiv,Trust in people of another nationality,Trust: People of another nationality,"I ‘d like to ask you how much you trust people from various groups. Could you tell me for each whether you trust people from this group completely, somewhat, not very much or not at all? People of another nationality",,1 = Trust completely; 2 = Trust somewhat; 3 = Do not trust very much; 4 = Do not trust at all; -1 = Don't know; -2 = No answer; -4 = Not asked; -5 = Missing; Not available,1 = Trust completely (original 1); 2 = Trust somewhat (original 2); 3 = Do not trust very much (original 3); 4 = Do not trust at all (original 4),"Haven labelled values converted to an ordered factor, then ordered factors are converted to ordinal integers with negative missing codes set to NA.","Original negative missing/non-response codes (for example -1 Don't know, -2 No answer/refused, -4 Not asked, -5 Missing) are converted to NA before final output.",Q63-Trust: People of another nationality,WVS Wave 7 Variables Report V6.0; Codebook manual coded index.xlsx; WVS_Wave7_Setup.R
Q64,"SOCIAL CAPITAL, TRUST & ORGANIZATIONAL MEMBERSHIP",False,False,Not selected for display in Variable_Display_Logical.,factor_ordered,ordered numeric in indiv_ordinal; ordered factor in intermediate indiv,Confidence in churches,Confidence: Churches,"I am going to name a number of organizations. For each one, could you tell me how much confidence you have in them: is it a great deal of confidence, quite a lot of confidence, not very much confidence or none at all? The Churches (mosque, temple etc.)",Variable tailoured to local context,1 = A great deal; 2 = Quite a lot; 3 = Not very much; 4 = None at all; -1 = Don't know; -2 = No answer; -4 = Not asked; -5 = Missing; Not available,1 = A great deal (original 1); 2 = Quite a lot (original 2); 3 = Not very much (original 3); 4 = None at all (original 4),"Haven labelled values converted to an ordered factor, then ordered factors are converted to ordinal integers with negative missing codes set to NA.","Original negative missing/non-response codes (for example -1 Don't know, -2 No answer/refused, -4 Not asked, -5 Missing) are converted to NA before final output.",Q64-Confidence: Churches,WVS Wave 7 Variables Report V6.0; Codebook manual coded index.xlsx; WVS_Wave7_Setup.R
Q65,"SOCIAL CAPITAL, TRUST & ORGANIZATIONAL MEMBERSHIP",False,False,Not selected for display in Variable_Display_Logical.,factor_ordered,ordered numeric in indiv_ordinal; ordered factor in intermediate indiv,Confidence in the armed forces,Confidence: Armed Forces,"I am going to name a number of organizations. For each one, could you tell me how much confidence you have in them: is it a great deal of confidence, quite a lot of confidence, not very much confidence or none at all? The armed forces",,1 = A great deal; 2 = Quite a lot; 3 = Not very much; 4 = None at all; -1 = Don't know; -2 = No answer; -4 = Not asked; -5 = Missing; Not available,1 = A great deal (original 1); 2 = Quite a lot (original 2); 3 = Not very much (original 3); 4 = None at all (original 4),"Haven labelled values converted to an ordered factor, then ordered factors are converted to ordinal integers with negative missing codes set to NA.","Original negative missing/non-response codes (for example -1 Don't know, -2 No answer/refused, -4 Not asked, -5 Missing) are converted to NA before final output.",Q65-Confidence: Armed Forces,WVS Wave 7 Variables Report V6.0; Codebook manual coded index.xlsx; WVS_Wave7_Setup.R
Q66,"SOCIAL CAPITAL, TRUST & ORGANIZATIONAL MEMBERSHIP",False,False,Not selected for display in Variable_Display_Logical.,factor_ordered,ordered numeric in indiv_ordinal; ordered factor in intermediate indiv,Confidence in the press,Confidence: The Press,"I am going to name a number of organizations. For each one, could you tell me how much confidence you have in them: is it a great deal of confidence, quite a lot of confidence, not very much confidence or none at all? The press",,1 = A great deal; 2 = Quite a lot; 3 = Not very much; 4 = None at all; -1 = Don't know; -2 = No answer; -4 = Not asked; -5 = Missing; Not available,1 = A great deal (original 1); 2 = Quite a lot (original 2); 3 = Not very much (original 3); 4 = None at all (original 4),"Haven labelled values converted to an ordered factor, then ordered factors are converted to ordinal integers with negative missing codes set to NA.","Original negative missing/non-response codes (for example -1 Don't know, -2 No answer/refused, -4 Not asked, -5 Missing) are converted to NA before final output.",Q66-Confidence: The Press,WVS Wave 7 Variables Report V6.0; Codebook manual coded index.xlsx; WVS_Wave7_Setup.R
Q67,"SOCIAL CAPITAL, TRUST & ORGANIZATIONAL MEMBERSHIP",False,False,Not selected for display in Variable_Display_Logical.,factor_ordered,ordered numeric in indiv_ordinal; ordered factor in intermediate indiv,Confidence in television,Confidence: Television,"I am going to name a number of organizations. For each one, could you tell me how much confidence you have in them: is it a great deal of confidence, quite a lot of confidence, not very much confidence or none at all? Television",,1 = A great deal; 2 = Quite a lot; 3 = Not very much; 4 = None at all; -1 = Don't know; -2 = No answer; -4 = Not asked; -5 = Missing; Not available,1 = A great deal (original 1); 2 = Quite a lot (original 2); 3 = Not very much (original 3); 4 = None at all (original 4),"Haven labelled values converted to an ordered factor, then ordered factors are converted to ordinal integers with negative missing codes set to NA.","Original negative missing/non-response codes (for example -1 Don't know, -2 No answer/refused, -4 Not asked, -5 Missing) are converted to NA before final output.",Q67-Confidence: Television,WVS Wave 7 Variables Report V6.0; Codebook manual coded index.xlsx; WVS_Wave7_Setup.R
Q68,"SOCIAL CAPITAL, TRUST & ORGANIZATIONAL MEMBERSHIP",False,False,Not selected for display in Variable_Display_Logical.,factor_ordered,ordered numeric in indiv_ordinal; ordered factor in intermediate indiv,Confidence in labor unions,Confidence: Labor Unions,"I am going to name a number of organizations. For each one, could you tell me how much confidence you have in them: is it a great deal of confidence, quite a lot of confidence, not very much confidence or none at all? Labour Unions",,1 = A great deal; 2 = Quite a lot; 3 = Not very much; 4 = None at all; -1 = Don't know; -2 = No answer; -4 = Not asked; -5 = Missing; Not available,1 = A great deal (original 1); 2 = Quite a lot (original 2); 3 = Not very much (original 3); 4 = None at all (original 4),"Haven labelled values converted to an ordered factor, then ordered factors are converted to ordinal integers with negative missing codes set to NA.","Original negative missing/non-response codes (for example -1 Don't know, -2 No answer/refused, -4 Not asked, -5 Missing) are converted to NA before final output.",Q68-Confidence: Labor Unions,WVS Wave 7 Variables Report V6.0; Codebook manual coded index.xlsx; WVS_Wave7_Setup.R
Q69,"SOCIAL CAPITAL, TRUST & ORGANIZATIONAL MEMBERSHIP",False,False,Not selected for display in Variable_Display_Logical.,factor_ordered,ordered numeric in indiv_ordinal; ordered factor in intermediate indiv,Confidence in the police,Confidence: The Police,"I am going to name a number of organizations. For each one, could you tell me how much confidence you have in them: is it a great deal of confidence, quite a lot of confidence, not very much confidence or none at all? The police",,1 = A great deal; 2 = Quite a lot; 3 = Not very much; 4 = None at all; -1 = Don't know; -2 = No answer; -4 = Not asked; -5 = Missing; Not available,1 = A great deal (original 1); 2 = Quite a lot (original 2); 3 = Not very much (original 3); 4 = None at all (original 4),"Haven labelled values converted to an ordered factor, then ordered factors are converted to ordinal integers with negative missing codes set to NA.","Original negative missing/non-response codes (for example -1 Don't know, -2 No answer/refused, -4 Not asked, -5 Missing) are converted to NA before final output.",Q69-Confidence: The Police,WVS Wave 7 Variables Report V6.0; Codebook manual coded index.xlsx; WVS_Wave7_Setup.R
Q70,"SOCIAL CAPITAL, TRUST & ORGANIZATIONAL MEMBERSHIP",False,False,Not selected for display in Variable_Display_Logical.,factor_ordered,ordered numeric in indiv_ordinal; ordered factor in intermediate indiv,Confidence in the courts,Confidence: Justice System/Courts,"I am going to name a number of organizations. For each one, could you tell me how much confidence you have in them: is it a great deal of confidence, quite a lot of confidence, not very much confidence or none at all? The courts",,1 = A great deal; 2 = Quite a lot; 3 = Not very much; 4 = None at all; -1 = Don't know; -2 = No answer; -4 = Not asked; -5 = Missing; Not available,1 = A great deal (original 1); 2 = Quite a lot (original 2); 3 = Not very much (original 3); 4 = None at all (original 4),"Haven labelled values converted to an ordered factor, then ordered factors are converted to ordinal integers with negative missing codes set to NA.","Original negative missing/non-response codes (for example -1 Don't know, -2 No answer/refused, -4 Not asked, -5 Missing) are converted to NA before final output.",Q70-Confidence: Justice System/Courts,WVS Wave 7 Variables Report V6.0; Codebook manual coded index.xlsx; WVS_Wave7_Setup.R
Q71,"SOCIAL CAPITAL, TRUST & ORGANIZATIONAL MEMBERSHIP",False,False,Not selected for display in Variable_Display_Logical.,factor_ordered,ordered numeric in indiv_ordinal; ordered factor in intermediate indiv,Confidence in the government,Confidence: The Government,"I am going to name a number of organizations. For each one, could you tell me how much confidence you have in them: is it a great deal of confidence, quite a lot of confidence, not very much confidence or none at all? The government (in your nation's capital)",,1 = A great deal; 2 = Quite a lot; 3 = Not very much; 4 = None at all; -1 = Don't know; -2 = No answer; -4 = Not asked; -5 = Missing; Not available,1 = A great deal (original 1); 2 = Quite a lot (original 2); 3 = Not very much (original 3); 4 = None at all (original 4),"Haven labelled values converted to an ordered factor, then ordered factors are converted to ordinal integers with negative missing codes set to NA.","Original negative missing/non-response codes (for example -1 Don't know, -2 No answer/refused, -4 Not asked, -5 Missing) are converted to NA before final output.",Q71-Confidence: The Government,WVS Wave 7 Variables Report V6.0; Codebook manual coded index.xlsx; WVS_Wave7_Setup.R
Q72,"SOCIAL CAPITAL, TRUST & ORGANIZATIONAL MEMBERSHIP",False,False,Not selected for display in Variable_Display_Logical.,factor_ordered,ordered numeric in indiv_ordinal; ordered factor in intermediate indiv,Confidence in political parties,Confidence: The Political Parties,"I am going to name a number of organizations. For each one, could you tell me how much confidence you have in them: is it a great deal of confidence, quite a lot of confidence, not very much confidence or none at all? Political Parties",,1 = A great deal; 2 = Quite a lot; 3 = Not very much; 4 = None at all; -1 = Don't know; -2 = No answer; -4 = Not asked; -5 = Missing; Not available,1 = A great deal (original 1); 2 = Quite a lot (original 2); 3 = Not very much (original 3); 4 = None at all (original 4),"Haven labelled values converted to an ordered factor, then ordered factors are converted to ordinal integers with negative missing codes set to NA.","Original negative missing/non-response codes (for example -1 Don't know, -2 No answer/refused, -4 Not asked, -5 Missing) are converted to NA before final output.",Q72-Confidence: The Political Parties,WVS Wave 7 Variables Report V6.0; Codebook manual coded index.xlsx; WVS_Wave7_Setup.R
Q73,"SOCIAL CAPITAL, TRUST & ORGANIZATIONAL MEMBERSHIP",False,False,Not selected for display in Variable_Display_Logical.,factor_ordered,ordered numeric in indiv_ordinal; ordered factor in intermediate indiv,Confidence in parliament,Confidence: Parliament,"I am going to name a number of organizations. For each one, could you tell me how much confidence you have in them: is it a great deal of confidence, quite a lot of confidence, not very much confidence or none at all? Parliament",,1 = A great deal; 2 = Quite a lot; 3 = Not very much; 4 = None at all; -1 = Don't know; -2 = No answer; -4 = Not asked; -5 = Missing; Not available,1 = A great deal (original 1); 2 = Quite a lot (original 2); 3 = Not very much (original 3); 4 = None at all (original 4),"Haven labelled values converted to an ordered factor, then ordered factors are converted to ordinal integers with negative missing codes set to NA.","Original negative missing/non-response codes (for example -1 Don't know, -2 No answer/refused, -4 Not asked, -5 Missing) are converted to NA before final output.",Q73-Confidence: Parliament,WVS Wave 7 Variables Report V6.0; Codebook manual coded index.xlsx; WVS_Wave7_Setup.R
Q74,"SOCIAL CAPITAL, TRUST & ORGANIZATIONAL MEMBERSHIP",False,False,Not selected for display in Variable_Display_Logical.,factor_ordered,ordered numeric in indiv_ordinal; ordered factor in intermediate indiv,Confidence in the civil service,Confidence: The Civil Services,"I am going to name a number of organizations. For each one, could you tell me how much confidence you have in them: is it a great deal of confidence, quite a lot of confidence, not very much confidence or none at all? The Civil Services",,1 = A great deal; 2 = Quite a lot; 3 = Not very much; 4 = None at all; -1 = Don't know; -2 = No answer; -4 = Not asked; -5 = Missing; Not available,1 = A great deal (original 1); 2 = Quite a lot (original 2); 3 = Not very much (original 3); 4 = None at all (original 4),"Haven labelled values converted to an ordered factor, then ordered factors are converted to ordinal integers with negative missing codes set to NA.","Original negative missing/non-response codes (for example -1 Don't know, -2 No answer/refused, -4 Not asked, -5 Missing) are converted to NA before final output.",Q74-Confidence: The Civil Services,WVS Wave 7 Variables Report V6.0; Codebook manual coded index.xlsx; WVS_Wave7_Setup.R
Q75,"SOCIAL CAPITAL, TRUST & ORGANIZATIONAL MEMBERSHIP",False,False,Not selected for display in Variable_Display_Logical.,factor_ordered,ordered numeric in indiv_ordinal; ordered factor in intermediate indiv,Confidence in universities,Confidence: Universities,"I am going to name a number of organizations. For each one, could you tell me how much confidence you have in them: is it a great deal of confidence, quite a lot of confidence, not very much confidence or none at all? Universities",,1 = A great deal; 2 = Quite a lot; 3 = Not very much; 4 = None at all; -1 = Don't know; -2 = No answer; -4 = Not asked; -5 = Missing; Not available,1 = A great deal (original 1); 2 = Quite a lot (original 2); 3 = Not very much (original 3); 4 = None at all (original 4),"Haven labelled values converted to an ordered factor, then ordered factors are converted to ordinal integers with negative missing codes set to NA.","Original negative missing/non-response codes (for example -1 Don't know, -2 No answer/refused, -4 Not asked, -5 Missing) are converted to NA before final output.",Q75-Confidence: Universities,WVS Wave 7 Variables Report V6.0; Codebook manual coded index.xlsx; WVS_Wave7_Setup.R
Q76,"SOCIAL CAPITAL, TRUST & ORGANIZATIONAL MEMBERSHIP",False,False,Not selected for display in Variable_Display_Logical.,factor_ordered,ordered numeric in indiv_ordinal; ordered factor in intermediate indiv,Confidence in elections,Confidence: Election,"I am going to name a number of organizations. For each one, could you tell me how much confidence you have in them: is it a great deal of confidence, quite a lot of confidence, not very much confidence or none at all? Elections",,1 = A great deal; 2 = Quite a lot; 3 = Not very much; 4 = None at all; -1 = Don't know; -2 = No answer; -4 = Not asked; -5 = Missing; Unknown,1 = A great deal (original 1); 2 = Quite a lot (original 2); 3 = Not very much (original 3); 4 = None at all (original 4),"Haven labelled values converted to an ordered factor, then ordered factors are converted to ordinal integers with negative missing codes set to NA.","Original negative missing/non-response codes (for example -1 Don't know, -2 No answer/refused, -4 Not asked, -5 Missing) are converted to NA before final output.",Q76-Confidence: Election,WVS Wave 7 Variables Report V6.0; Codebook manual coded index.xlsx; WVS_Wave7_Setup.R
Q77,"SOCIAL CAPITAL, TRUST & ORGANIZATIONAL MEMBERSHIP",False,False,Not selected for display in Variable_Display_Logical.,factor_ordered,ordered numeric in indiv_ordinal; ordered factor in intermediate indiv,Confidence in major companies,Confidence: Major Companies,"I am going to name a number of organizations. For each one, could you tell me how much confidence you have in them: is it a great deal of confidence, quite a lot of confidence, not very much confidence or none at all? Major Companies",,1 = A great deal; 2 = Quite a lot; 3 = Not very much; 4 = None at all; -1 = Don't know; -2 = No answer; -4 = Not asked; -5 = Missing; Unknown,1 = A great deal (original 1); 2 = Quite a lot (original 2); 3 = Not very much (original 3); 4 = None at all (original 4),"Haven labelled values converted to an ordered factor, then ordered factors are converted to ordinal integers with negative missing codes set to NA.","Original negative missing/non-response codes (for example -1 Don't know, -2 No answer/refused, -4 Not asked, -5 Missing) are converted to NA before final output.",Q77-Confidence: Major Companies,WVS Wave 7 Variables Report V6.0; Codebook manual coded index.xlsx; WVS_Wave7_Setup.R
Q78,"SOCIAL CAPITAL, TRUST & ORGANIZATIONAL MEMBERSHIP",False,False,Not selected for display in Variable_Display_Logical.,factor_ordered,ordered numeric in indiv_ordinal; ordered factor in intermediate indiv,Confidence in banks,Confidence: Banks,"I am going to name a number of organizations. For each one, could you tell me how much confidence you have in them: is it a great deal of confidence, quite a lot of confidence, not very much confidence or none at all? Banks",,1 = A great deal; 2 = Quite a lot; 3 = Not very much; 4 = None at all; -1 = Don't know; -2 = No answer; -4 = Not asked; -5 = Missing; Unknown,1 = A great deal (original 1); 2 = Quite a lot (original 2); 3 = Not very much (original 3); 4 = None at all (original 4),"Haven labelled values converted to an ordered factor, then ordered factors are converted to ordinal integers with negative missing codes set to NA.","Original negative missing/non-response codes (for example -1 Don't know, -2 No answer/refused, -4 Not asked, -5 Missing) are converted to NA before final output.",Q78-Confidence: Banks,WVS Wave 7 Variables Report V6.0; Codebook manual coded index.xlsx; WVS_Wave7_Setup.R
Q79,"SOCIAL CAPITAL, TRUST & ORGANIZATIONAL MEMBERSHIP",False,False,Not selected for display in Variable_Display_Logical.,factor_ordered,ordered numeric in indiv_ordinal; ordered factor in intermediate indiv,Confidence in environmental organizations,Confidence: The Environmental Protection Movement,"I am going to name a number of organizations. For each one, could you tell me how much confidence you have in them: is it a great deal of confidence, quite a lot of confidence, not very much confidence or none at all? Environmental organizations",,1 = A great deal; 2 = Quite a lot; 3 = Not very much; 4 = None at all; -1 = Don't know; -2 = No answer; -4 = Not asked; -5 = Missing; Not available,1 = A great deal (original 1); 2 = Quite a lot (original 2); 3 = Not very much (original 3); 4 = None at all (original 4),"Haven labelled values converted to an ordered factor, then ordered factors are converted to ordinal integers with negative missing codes set to NA.","Original negative missing/non-response codes (for example -1 Don't know, -2 No answer/refused, -4 Not asked, -5 Missing) are converted to NA before final output.",Q79-Confidence: The Environmental Protection Movement,WVS Wave 7 Variables Report V6.0; Codebook manual coded index.xlsx; WVS_Wave7_Setup.R
Q80,"SOCIAL CAPITAL, TRUST & ORGANIZATIONAL MEMBERSHIP",False,False,Not selected for display in Variable_Display_Logical.,factor_ordered,ordered numeric in indiv_ordinal; ordered factor in intermediate indiv,Confidence in women's organizations,Confidence: The Women's Movement,"I am going to name a number of organizations. For each one, could you tell me how much confidence you have in them: is it a great deal of confidence, quite a lot of confidence, not very much confidence or none at all? Women's organizations",,1 = A great deal; 2 = Quite a lot; 3 = Not very much; 4 = None at all; -1 = Don't know; -2 = No answer; -4 = Not asked; -5 = Missing; Not available,1 = A great deal (original 1); 2 = Quite a lot (original 2); 3 = Not very much (original 3); 4 = None at all (original 4),"Haven labelled values converted to an ordered factor, then ordered factors are converted to ordinal integers with negative missing codes set to NA.","Original negative missing/non-response codes (for example -1 Don't know, -2 No answer/refused, -4 Not asked, -5 Missing) are converted to NA before final output.",Q80-Confidence: The Women's Movement,WVS Wave 7 Variables Report V6.0; Codebook manual coded index.xlsx; WVS_Wave7_Setup.R
Q81,"SOCIAL CAPITAL, TRUST & ORGANIZATIONAL MEMBERSHIP",False,False,Not selected for display in Variable_Display_Logical.,factor_ordered,ordered numeric in indiv_ordinal; ordered factor in intermediate indiv,Confidence in charitable or humanitarian organizations,Confidence: Charitable or humanitarian organizations,"I am going to name a number of organizations. For each one, could you tell me how much confidence you have in them: is it a great deal of confidence, quite a lot of confidence, not very much confidence or none at all? Charitable or humanitarian organizations",,1 = A great deal; 2 = Quite a lot; 3 = Not very much; 4 = None at all; -1 = Don't know; -2 = No answer; -4 = Not asked; -5 = Missing; Not available,1 = A great deal (original 1); 2 = Quite a lot (original 2); 3 = Not very much (original 3); 4 = None at all (original 4),"Haven labelled values converted to an ordered factor, then ordered factors are converted to ordinal integers with negative missing codes set to NA.","Original negative missing/non-response codes (for example -1 Don't know, -2 No answer/refused, -4 Not asked, -5 Missing) are converted to NA before final output.",Q81-Confidence: Charitable or humanitarian organizations,WVS Wave 7 Variables Report V6.0; Codebook manual coded index.xlsx; WVS_Wave7_Setup.R
Q82,"SOCIAL CAPITAL, TRUST & ORGANIZATIONAL MEMBERSHIP",False,False,Not selected for display in Variable_Display_Logical.,factor_ordered,ordered numeric in indiv_ordinal; ordered factor in intermediate indiv,"Confidence in regional organizations (e.g., EU, AU, etc.)",Confidence: Major regional organization (combined from country-specific),"I am going to name a number of organizations. For each one, could you tell me how much confidence you have in them: is it a great deal of confidence, quite a lot of confidence, not very much confidence or none at all? <major regional organization>",Variable tailoured to local context,1 = A great deal; 2 = Quite a lot; 3 = Not very much; 4 = None at all; -1 = Don't know; -2 = No answer; -4 = Not asked; -5 = Missing,1 = A great deal (original 1); 2 = Quite a lot (original 2); 3 = Not very much (original 3); 4 = None at all (original 4),"Haven labelled values converted to an ordered factor, then ordered factors are converted to ordinal integers with negative missing codes set to NA.","Original negative missing/non-response codes (for example -1 Don't know, -2 No answer/refused, -4 Not asked, -5 Missing) are converted to NA before final output.",Q82-Confidence: Major regional organization (combined from country-specific),WVS Wave 7 Variables Report V6.0; Codebook manual coded index.xlsx; WVS_Wave7_Setup.R
Q83,"SOCIAL CAPITAL, TRUST & ORGANIZATIONAL MEMBERSHIP",False,False,Not selected for display in Variable_Display_Logical.,factor_ordered,ordered numeric in indiv_ordinal; ordered factor in intermediate indiv,Confidence in the United Nations,Confidence: The United Nations (UN),"I am going to name a number of organizations. For each one, could you tell me how much confidence you have in them: is it a great deal of confidence, quite a lot of confidence, not very much confidence or none at all? The United Nations",,1 = A great deal; 2 = Quite a lot; 3 = Not very much; 4 = None at all; -1 = Don't know; -2 = No answer; -4 = Not asked; -5 = Missing; Not available,1 = A great deal (original 1); 2 = Quite a lot (original 2); 3 = Not very much (original 3); 4 = None at all (original 4),"Haven labelled values converted to an ordered factor, then ordered factors are converted to ordinal integers with negative missing codes set to NA.","Original negative missing/non-response codes (for example -1 Don't know, -2 No answer/refused, -4 Not asked, -5 Missing) are converted to NA before final output.",Q83-Confidence: The United Nations (UN),WVS Wave 7 Variables Report V6.0; Codebook manual coded index.xlsx; WVS_Wave7_Setup.R
Q84,"SOCIAL CAPITAL, TRUST & ORGANIZATIONAL MEMBERSHIP",False,False,Not selected for display in Variable_Display_Logical.,factor_ordered,ordered numeric in indiv_ordinal; ordered factor in intermediate indiv,Confidence in the International Monetary Fund (IMF),Confidence: International Monetary Found (IMF),"I am going to name a number of organizations. For each one, could you tell me how much confidence you have in them: is it a great deal of confidence, quite a lot of confidence, not very much confidence or none at all? The International Monetary Fund (IMF)",,1 = A great deal; 2 = Quite a lot; 3 = Not very much; 4 = None at all; -1 = Don't know; -2 = No answer; -4 = Not asked; -5 = Missing; Not available,1 = A great deal (original 1); 2 = Quite a lot (original 2); 3 = Not very much (original 3); 4 = None at all (original 4),"Haven labelled values converted to an ordered factor, then ordered factors are converted to ordinal integers with negative missing codes set to NA.","Original negative missing/non-response codes (for example -1 Don't know, -2 No answer/refused, -4 Not asked, -5 Missing) are converted to NA before final output.",Q84-Confidence: International Monetary Found (IMF),WVS Wave 7 Variables Report V6.0; Codebook manual coded index.xlsx; WVS_Wave7_Setup.R
Q85,"SOCIAL CAPITAL, TRUST & ORGANIZATIONAL MEMBERSHIP",False,False,Not selected for display in Variable_Display_Logical.,factor_ordered,ordered numeric in indiv_ordinal; ordered factor in intermediate indiv,Confidence in the International Criminal Court (ICC),Confidence: International Criminal Court (ICC),"I am going to name a number of organizations. For each one, could you tell me how much confidence you have in them: is it a great deal of confidence, quite a lot of confidence, not very much confidence or none at all? International Criminal Court (ICC)",,1 = A great deal; 2 = Quite a lot; 3 = Not very much; 4 = None at all; -1 = Don't know; -2 = No answer; -4 = Not asked; -5 = Missing; Unknown,1 = A great deal (original 1); 2 = Quite a lot (original 2); 3 = Not very much (original 3); 4 = None at all (original 4),"Haven labelled values converted to an ordered factor, then ordered factors are converted to ordinal integers with negative missing codes set to NA.","Original negative missing/non-response codes (for example -1 Don't know, -2 No answer/refused, -4 Not asked, -5 Missing) are converted to NA before final output.",Q85-Confidence: International Criminal Court (ICC),WVS Wave 7 Variables Report V6.0; Codebook manual coded index.xlsx; WVS_Wave7_Setup.R
Q86,"SOCIAL CAPITAL, TRUST & ORGANIZATIONAL MEMBERSHIP",False,False,Not selected for display in Variable_Display_Logical.,factor_ordered,ordered numeric in indiv_ordinal; ordered factor in intermediate indiv,Confidence in NATO,Confidence: North Atlantic Treaty Organization (NATO),"I am going to name a number of organizations. For each one, could you tell me how much confidence you have in them: is it a great deal of confidence, quite a lot of confidence, not very much confidence or none at all? The North Atlantic Treaty Organization (NATO)",,1 = A great deal; 2 = Quite a lot; 3 = Not very much; 4 = None at all; -1 = Don't know; -2 = No answer; -4 = Not asked; -5 = Missing; Unknown,1 = A great deal (original 1); 2 = Quite a lot (original 2); 3 = Not very much (original 3); 4 = None at all (original 4),"Haven labelled values converted to an ordered factor, then ordered factors are converted to ordinal integers with negative missing codes set to NA.","Original negative missing/non-response codes (for example -1 Don't know, -2 No answer/refused, -4 Not asked, -5 Missing) are converted to NA before final output.",Q86-Confidence: North Atlantic Treaty Organization (NATO),WVS Wave 7 Variables Report V6.0; Codebook manual coded index.xlsx; WVS_Wave7_Setup.R
Q87,"SOCIAL CAPITAL, TRUST & ORGANIZATIONAL MEMBERSHIP",False,False,Not selected for display in Variable_Display_Logical.,factor_ordered,ordered numeric in indiv_ordinal; ordered factor in intermediate indiv,Confidence in the World Bank,Confidence: The World Bank (WB),"I am going to name a number of organizations. For each one, could you tell me how much confidence you have in them: is it a great deal of confidence, quite a lot of confidence, not very much confidence or none at all? The World Bank",,1 = A great deal; 2 = Quite a lot; 3 = Not very much; 4 = None at all; -1 = Don't know; -2 = No answer; -4 = Not asked; -5 = Missing; Unknown,1 = A great deal (original 1); 2 = Quite a lot (original 2); 3 = Not very much (original 3); 4 = None at all (original 4),"Haven labelled values converted to an ordered factor, then ordered factors are converted to ordinal integers with negative missing codes set to NA.","Original negative missing/non-response codes (for example -1 Don't know, -2 No answer/refused, -4 Not asked, -5 Missing) are converted to NA before final output.",Q87-Confidence: The World Bank (WB),WVS Wave 7 Variables Report V6.0; Codebook manual coded index.xlsx; WVS_Wave7_Setup.R
Q88,"SOCIAL CAPITAL, TRUST & ORGANIZATIONAL MEMBERSHIP",False,False,Not selected for display in Variable_Display_Logical.,factor_ordered,ordered numeric in indiv_ordinal; ordered factor in intermediate indiv,Confidence in the World Health Organization (WHO),Confidence: The World Health Organization (WHO),"I am going to name a number of organizations. For each one, could you tell me how much confidence you have in them: is it a great deal of confidence, quite a lot of confidence, not very much confidence or none at all? The World Health Organization (WHO)",,1 = A great deal; 2 = Quite a lot; 3 = Not very much; 4 = None at all; -1 = Don't know; -2 = No answer; -4 = Not asked; -5 = Missing; Unknown,1 = A great deal (original 1); 2 = Quite a lot (original 2); 3 = Not very much (original 3); 4 = None at all (original 4),"Haven labelled values converted to an ordered factor, then ordered factors are converted to ordinal integers with negative missing codes set to NA.","Original negative missing/non-response codes (for example -1 Don't know, -2 No answer/refused, -4 Not asked, -5 Missing) are converted to NA before final output.",Q88-Confidence: The World Health Organization (WHO),WVS Wave 7 Variables Report V6.0; Codebook manual coded index.xlsx; WVS_Wave7_Setup.R
Q89,"SOCIAL CAPITAL, TRUST & ORGANIZATIONAL MEMBERSHIP",False,False,Not selected for display in Variable_Display_Logical.,factor_ordered,ordered numeric in indiv_ordinal; ordered factor in intermediate indiv,Confidence in the World Trade Organization (WTO),Confidence: The World Trade Organization (WTO),"I am going to name a number of organizations. For each one, could you tell me how much confidence you have in them: is it a great deal of confidence, quite a lot of confidence, not very much confidence or none at all? The World Trade Organization (WTO)",,1 = A great deal; 2 = Quite a lot; 3 = Not very much; 4 = None at all; -1 = Don't know; -2 = No answer; -4 = Not asked; -5 = Missing; Unknown,1 = A great deal (original 1); 2 = Quite a lot (original 2); 3 = Not very much (original 3); 4 = None at all (original 4),"Haven labelled values converted to an ordered factor, then ordered factors are converted to ordinal integers with negative missing codes set to NA.","Original negative missing/non-response codes (for example -1 Don't know, -2 No answer/refused, -4 Not asked, -5 Missing) are converted to NA before final output.",Q89-Confidence: The World Trade Organization (WTO),WVS Wave 7 Variables Report V6.0; Codebook manual coded index.xlsx; WVS_Wave7_Setup.R
Q90,"SOCIAL CAPITAL, TRUST & ORGANIZATIONAL MEMBERSHIP",False,False,Not selected for display in Variable_Display_Logical.,integer,integer/numeric,Priority of international organizations,International organizations: being effective vs being democratic,"Nowadays there's a lot of talk about international organizations. People sometimes say that international organizations should prioritize improving people's lives, even if this may imply that decisions are not made democratically. What do you think should international organizations prioritize, being effective or being democratic? If your views are somewhat mixed, choose the appropriate number in between.","1 = Being effective, 10 = Being democratic",1 = Being effective; 2 = 2; 3 = 3; 4 = 4; 5 = 5; 6 = 6; 7 = 7; 8 = 8; 9 = 9; 10 = Being democratic; -1 = Don't know; -2 = No answer; -4 = Not asked; -5 = Missing; Not available,1 = Being effective; 2 = 2; 3 = 3; 4 = 4; 5 = 5; 6 = 6; 7 = 7; 8 = 8; 9 = 9; 10 = Being democratic,Original numeric values retained; all values below 0 are set to NA.,"Original negative missing/non-response codes (for example -1 Don't know, -2 No answer/refused, -4 Not asked, -5 Missing) are converted to NA before final output.",Q90-International organizations: being effective vs being democratic,WVS Wave 7 Variables Report V6.0; Codebook manual coded index.xlsx; WVS_Wave7_Setup.R
Q91,"SOCIAL CAPITAL, TRUST & ORGANIZATIONAL MEMBERSHIP",False,False,Not selected for display in Variable_Display_Logical.,factor,numeric,Security Council permanent members,Countries with the permanent seats on the UN Security Council,"Here are some questions about international organizations. Many people don't know the answers to these questions, but if you do please tell me. Five countries have permanent seats on the Security Council of the United Nations. Which ones of the following is not a member?",,1 = France; 2 = China; 3 = India; -1 = Don't know; -2 = No answer; -4 = Not asked; -5 = Missing; Not available,0 = India; 1 = China; 2 = France,Custom recode in setup script; all unmatched responses and original negative missing codes are set to NA.,"Original negative missing/non-response codes (for example -1 Don't know, -2 No answer/refused, -4 Not asked, -5 Missing) are converted to NA before final output.",Q91-Countries with the permanent seats on the UN Security Council,WVS Wave 7 Variables Report V6.0; Codebook manual coded index.xlsx; WVS_Wave7_Setup.R
Q92,"SOCIAL CAPITAL, TRUST & ORGANIZATIONAL MEMBERSHIP",False,False,Not selected for display in Variable_Display_Logical.,factor,numeric,Headquarters of the IMF,Where are the headquarters of the International Monetary Fund (IMF) located?,"Here are some questions about international organizations. Many people don't know the answers to these questions, but if you do please tell me. Where are the headquarters of the International Monetary Fund (IMF) located?",,1 = Washington DC; 2 = London; 3 = Geneva; -1 = Don't know; -2 = No answer; -4 = Not asked; -5 = Missing; Not available,0 = Geneva; 1 = London; 2 = Washington DC,Custom recode in setup script; all unmatched responses and original negative missing codes are set to NA.,"Original negative missing/non-response codes (for example -1 Don't know, -2 No answer/refused, -4 Not asked, -5 Missing) are converted to NA before final output.",Q92-Where are the headquarters of the International Monetary Fund (IMF) located?,WVS Wave 7 Variables Report V6.0; Codebook manual coded index.xlsx; WVS_Wave7_Setup.R
Q93,"SOCIAL CAPITAL, TRUST & ORGANIZATIONAL MEMBERSHIP",False,False,Not selected for display in Variable_Display_Logical.,factor,numeric,Focus of Amnesty International,Which of the following problems does the organization Amnesty International,"deal with? Here are some questions about international organizations. Many people don't know the answers to these questions, but if you do please tell me. Which of the following problems does the organization Amnesty International deal with?",,1 = Climate change; 2 = Human rights; 3 = Destruction of historic monuments; -1 = Don't know; -2 = No answer; -4 = Not asked; -5 = Missing; Not available,0 = Destruction of historic monuments; 1 = Human rights; 2 = Climate change,Custom recode in setup script; all unmatched responses and original negative missing codes are set to NA.,"Original negative missing/non-response codes (for example -1 Don't know, -2 No answer/refused, -4 Not asked, -5 Missing) are converted to NA before final output.",Q93-Which of the following problems does the organization Amnesty International,WVS Wave 7 Variables Report V6.0; Codebook manual coded index.xlsx; WVS_Wave7_Setup.R
Q94,"SOCIAL CAPITAL, TRUST & ORGANIZATIONAL MEMBERSHIP",False,False,Not selected for display in Variable_Display_Logical.,factor,numeric,Membership in religious organization,Active/Inactive membership: Church or religious organization,"Now I am going to read out a list of voluntary organizations; for each one, could you tell me whether you are a member, an active member, an inactive member or not a member of that type of organization? Church or religious organization",,0 = Don't belong; 1 = Inactive member; 2 = Active member; -1 = Don't know; -2 = No answer; -4 = Not asked; -5 = Missing; Unknown,-1 = Inactive member; 0 = Don't belong; 0 = Not a member; 1 = Active member,Custom recode in setup script; all unmatched responses and original negative missing codes are set to NA.,"Original negative missing/non-response codes (for example -1 Don't know, -2 No answer/refused, -4 Not asked, -5 Missing) are converted to NA before final output.",Q94-Active/Inactive membership: Church or religious organization,WVS Wave 7 Variables Report V6.0; Codebook manual coded index.xlsx; WVS_Wave7_Setup.R
Q95,"SOCIAL CAPITAL, TRUST & ORGANIZATIONAL MEMBERSHIP",False,False,Not selected for display in Variable_Display_Logical.,factor,numeric,Membership in sports/recreational organization,Active/Inactive membership: sport or recreational org,"Now I am going to read out a list of voluntary organizations; for each one, could you tell me whether you are a member, an active member, an inactive member or not a member of that type of organization? Sport or recreational organization, football/baseball/rugby team",,0 = Don't belong; 1 = Inactive member; 2 = Active member; -1 = Don't know; -2 = No answer; -4 = Not asked; -5 = Missing; Unknown,-1 = Inactive member; 0 = Don't belong; 0 = Not a member; 1 = Active member,Custom recode in setup script; all unmatched responses and original negative missing codes are set to NA.,"Original negative missing/non-response codes (for example -1 Don't know, -2 No answer/refused, -4 Not asked, -5 Missing) are converted to NA before final output.",Q95-Active/Inactive membership: sport or recreational org,WVS Wave 7 Variables Report V6.0; Codebook manual coded index.xlsx; WVS_Wave7_Setup.R
Q96,"SOCIAL CAPITAL, TRUST & ORGANIZATIONAL MEMBERSHIP",False,False,Not selected for display in Variable_Display_Logical.,factor,numeric,"Membership in art, music, or educational organization","Active/Inactive membership: art, music, educational organization","Now I am going to read out a list of voluntary organizations; for each one, could you tell me whether you are a member, an active member, an inactive member or not a member of that type of organization? Art, music or educational organization",,0 = Don't belong; 1 = Inactive member; 2 = Active member; -1 = Don't know; -2 = No answer; -4 = Not asked; -5 = Missing; Unknown,-1 = Inactive member; 0 = Don't belong; 0 = Not a member; 1 = Active member,Custom recode in setup script; all unmatched responses and original negative missing codes are set to NA.,"Original negative missing/non-response codes (for example -1 Don't know, -2 No answer/refused, -4 Not asked, -5 Missing) are converted to NA before final output.","Q96-Active/Inactive membership: art, music, educational organization",WVS Wave 7 Variables Report V6.0; Codebook manual coded index.xlsx; WVS_Wave7_Setup.R
Q97,"SOCIAL CAPITAL, TRUST & ORGANIZATIONAL MEMBERSHIP",False,False,Not selected for display in Variable_Display_Logical.,factor,numeric,Membership in labor union,Active/Inactive membership: Labor union,"Now I am going to read out a list of voluntary organizations; for each one, could you tell me whether you are a member, an active member, an inactive member or not a member of that type of organization? Labour Union",,0 = Not a member; 1 = Inactive member; 2 = Active member; -1 = Don't know; -2 = No answer; -4 = Not asked; -5 = Missing; Not available,-1 = Inactive member; 0 = Don't belong; 0 = Not a member; 1 = Active member,Custom recode in setup script; all unmatched responses and original negative missing codes are set to NA.,"Original negative missing/non-response codes (for example -1 Don't know, -2 No answer/refused, -4 Not asked, -5 Missing) are converted to NA before final output.",Q97-Active/Inactive membership: Labor union,WVS Wave 7 Variables Report V6.0; Codebook manual coded index.xlsx; WVS_Wave7_Setup.R
Q98,"SOCIAL CAPITAL, TRUST & ORGANIZATIONAL MEMBERSHIP",False,False,Not selected for display in Variable_Display_Logical.,factor,numeric,Membership in political party,Active/Inactive membership: Political party,"Now I am going to read out a list of voluntary organizations; for each one, could you tell me whether you are a member, an active member, an inactive member or not a member of that type of organization? Political party",,0 = Not a member; 1 = Inactive member; 2 = Active member; -1 = Don't know; -2 = No answer; -4 = Not asked; -5 = Missing; Unknown,-1 = Inactive member; 0 = Don't belong; 0 = Not a member; 1 = Active member,Custom recode in setup script; all unmatched responses and original negative missing codes are set to NA.,"Original negative missing/non-response codes (for example -1 Don't know, -2 No answer/refused, -4 Not asked, -5 Missing) are converted to NA before final output.",Q98-Active/Inactive membership: Political party,WVS Wave 7 Variables Report V6.0; Codebook manual coded index.xlsx; WVS_Wave7_Setup.R
Q99,"SOCIAL CAPITAL, TRUST & ORGANIZATIONAL MEMBERSHIP",False,False,Not selected for display in Variable_Display_Logical.,factor,numeric,Membership in environmental organization,Active/Inactive membership: Environmental organization,"Now I am going to read out a list of voluntary organizations; for each one, could you tell me whether you are a member, an active member, an inactive member or not a member of that type of organization? Environmental organization",,0 = Don't belong; 1 = Inactive member; 2 = Active member; -1 = Don't know; -2 = No answer; -4 = Not asked; -5 = Missing; Unknown,-1 = Inactive member; 0 = Don't belong; 0 = Not a member; 1 = Active member,Custom recode in setup script; all unmatched responses and original negative missing codes are set to NA.,"Original negative missing/non-response codes (for example -1 Don't know, -2 No answer/refused, -4 Not asked, -5 Missing) are converted to NA before final output.",Q99-Active/Inactive membership: Environmental organization,WVS Wave 7 Variables Report V6.0; Codebook manual coded index.xlsx; WVS_Wave7_Setup.R
Q100,"SOCIAL CAPITAL, TRUST & ORGANIZATIONAL MEMBERSHIP",False,False,Not selected for display in Variable_Display_Logical.,factor,numeric,Membership in professional association,Active/Inactive membership: professional organization,"Now I am going to read out a list of voluntary organizations; for each one, could you tell me whether you are a member, an active member, an inactive member or not a member of that type of organization? Professional association",,0 = Not a member; 1 = Inactive member; 2 = Active member; -1 = Don't know; -2 = No answer; -4 = Not asked; -5 = Missing; Unknown,-1 = Inactive member; 0 = Don't belong; 0 = Not a member; 1 = Active member,Custom recode in setup script; all unmatched responses and original negative missing codes are set to NA.,"Original negative missing/non-response codes (for example -1 Don't know, -2 No answer/refused, -4 Not asked, -5 Missing) are converted to NA before final output.",Q100-Active/Inactive membership: professional organization,WVS Wave 7 Variables Report V6.0; Codebook manual coded index.xlsx; WVS_Wave7_Setup.R
Q101,"SOCIAL CAPITAL, TRUST & ORGANIZATIONAL MEMBERSHIP",False,False,Not selected for display in Variable_Display_Logical.,factor,numeric,Membership in humanitarian or charitable organization,Active/Inactive membership: charitable/humanitarian organization,"Now I am going to read out a list of voluntary organizations; for each one, could you tell me whether you are a member, an active member, an inactive member or not a member of that type of organization? Humanitarian or charitable organization",,0 = Not a member; 1 = Inactive member; 2 = Active member; -1 = Don't know; -2 = No answer; -4 = Not asked; -5 = Missing; Unknown,-1 = Inactive member; 0 = Don't belong; 0 = Not a member; 1 = Active member,Custom recode in setup script; all unmatched responses and original negative missing codes are set to NA.,"Original negative missing/non-response codes (for example -1 Don't know, -2 No answer/refused, -4 Not asked, -5 Missing) are converted to NA before final output.",Q101-Active/Inactive membership: charitable/humanitarian organization,WVS Wave 7 Variables Report V6.0; Codebook manual coded index.xlsx; WVS_Wave7_Setup.R
Q102,"SOCIAL CAPITAL, TRUST & ORGANIZATIONAL MEMBERSHIP",False,False,Not selected for display in Variable_Display_Logical.,factor,numeric,Membership in consumer organization,Active/Inactive membership: consumer organization,"Now I am going to read out a list of voluntary organizations; for each one, could you tell me whether you are a member, an active member, an inactive member or not a member of that type of organization? Consumer organization",,0 = Don't belong; 1 = Inactive member; 2 = Active member; -1 = Don't know; -2 = No answer; -4 = Not asked; -5 = Missing; Not available,-1 = Inactive member; 0 = Don't belong; 0 = Not a member; 1 = Active member,Custom recode in setup script; all unmatched responses and original negative missing codes are set to NA.,"Original negative missing/non-response codes (for example -1 Don't know, -2 No answer/refused, -4 Not asked, -5 Missing) are converted to NA before final output.",Q102-Active/Inactive membership: consumer organization,WVS Wave 7 Variables Report V6.0; Codebook manual coded index.xlsx; WVS_Wave7_Setup.R
Q103,"SOCIAL CAPITAL, TRUST & ORGANIZATIONAL MEMBERSHIP",False,False,Not selected for display in Variable_Display_Logical.,factor,numeric,Membership in self-help or mutual aid group,"Active/Inactive membership: Self-help group, mutual aid group","Now I am going to read off a list of voluntary organizations. For each organization, could you tell me whether you are an active member, an inactive member or not a member of that type of organization? Self-help group, mutual aid group",,0 = Don't belong; 1 = Inactive member; 2 = Active member; -1 = Don't know; -2 = No answer; -4 = Not asked; -5 = Missing; Not available,-1 = Inactive member; 0 = Don't belong; 0 = Not a member; 1 = Active member,Custom recode in setup script; all unmatched responses and original negative missing codes are set to NA.,"Original negative missing/non-response codes (for example -1 Don't know, -2 No answer/refused, -4 Not asked, -5 Missing) are converted to NA before final output.","Q103-Active/Inactive membership: Self-help group, mutual aid group",WVS Wave 7 Variables Report V6.0; Codebook manual coded index.xlsx; WVS_Wave7_Setup.R
Q104,"SOCIAL CAPITAL, TRUST & ORGANIZATIONAL MEMBERSHIP",False,False,Not selected for display in Variable_Display_Logical.,factor,numeric,Membership in women's group,Active/Inactive membership: women's group,"Now I am going to read out a list of voluntary organizations; for each one, could you tell me whether you are a member, an active member, an inactive member or not a member of that type of organization? Women's group",,0 = Don't belong; 1 = Inactive member; 2 = Active member; -1 = Don't know; -2 = No answer; -4 = Not asked; -5 = Missing; Not available,-1 = Inactive member; 0 = Don't belong; 0 = Not a member; 1 = Active member,Custom recode in setup script; all unmatched responses and original negative missing codes are set to NA.,"Original negative missing/non-response codes (for example -1 Don't know, -2 No answer/refused, -4 Not asked, -5 Missing) are converted to NA before final output.",Q104-Active/Inactive membership: women's group,WVS Wave 7 Variables Report V6.0; Codebook manual coded index.xlsx; WVS_Wave7_Setup.R
Q105,"SOCIAL CAPITAL, TRUST & ORGANIZATIONAL MEMBERSHIP",False,False,Not selected for display in Variable_Display_Logical.,factor,numeric,Membership in other organization,Active/Inactive membership: other organization,"Now I am going to read out a list of voluntary organizations; for each one, could you tell me whether you are a member, an active member, an inactive member or not a member of that type of organization? Other organization",,0 = Don't belong; 1 = Inactive member; 2 = Active member; -1 = Don't know; -2 = No answer; -4 = Not asked; -5 = Missing; Not available,-1 = Inactive member; 0 = Don't belong; 0 = Not a member; 1 = Active member,Custom recode in setup script; all unmatched responses and original negative missing codes are set to NA.,"Original negative missing/non-response codes (for example -1 Don't know, -2 No answer/refused, -4 Not asked, -5 Missing) are converted to NA before final output.",Q105-Active/Inactive membership: other organization,WVS Wave 7 Variables Report V6.0; Codebook manual coded index.xlsx; WVS_Wave7_Setup.R
Q106,ECONOMIC VALUES,False,False,Not selected for display in Variable_Display_Logical.,integer,integer/numeric,Views on income equality vs. individual incentives,Income equality vs larger income differences,"Now I'd like you to tell me your views on various issues. How would you place your views on this scale? 1 means you agree completely with the statement on the left; 10 means you agree completely with the statement on the right; and if your views fall somewhere in between, you can choose any number in between.","1 = Incomes should be made more equal, 10 = There should be greater incentives for individual effort",1 = Incomes more equal; 2 = 2; 3 = 3; 4 = 4; 5 = 5; 6 = 6; 7 = 7; 8 = 8; 9 = 9; 10 = Larger income differences; -1 = Don't know; -2 = No answer; -4 = Not asked; -5 = Missing; Unknown,1 = Incomes more equal; 2 = 2; 3 = 3; 4 = 4; 5 = 5; 6 = 6; 7 = 7; 8 = 8; 9 = 9; 10 = Larger income differences,Original numeric values retained; all values below 0 are set to NA.,"Original negative missing/non-response codes (for example -1 Don't know, -2 No answer/refused, -4 Not asked, -5 Missing) are converted to NA before final output.",Q106-Income equality vs larger income differences,WVS Wave 7 Variables Report V6.0; Codebook manual coded index.xlsx; WVS_Wave7_Setup.R
Q107,ECONOMIC VALUES,False,False,Not selected for display in Variable_Display_Logical.,integer,integer/numeric,Views on private vs. government ownership of businesses,Private vs state ownership of business,"Now I'd like you to tell me your views on various issues. How would you place your views on this scale? 1 means you agree completely with the statement on the left; 10 means you agree completely with the statement on the right; and if your views fall somewhere in between, you can choose any number in between.","1 = Private ownership of business and industry should be increased, 10 = Government ownership of business and industry should be increased",1 = Private ownership of business should be increased; 2 = 2; 3 = 3; 4 = 4; 5 = 5; 6 = 6; 7 = 7; 8 = 8; 9 = 9; 10 = Government ownership of business should be increased; -1 = Don't know; -2 = No answer; -4 = Not asked; -5 = Missing; Unknown,1 = Private ownership of business should be increased; 2 = 2; 3 = 3; 4 = 4; 5 = 5; 6 = 6; 7 = 7; 8 = 8; 9 = 9; 10 = Government ownership of business should be increased,Original numeric values retained; all values below 0 are set to NA.,"Original negative missing/non-response codes (for example -1 Don't know, -2 No answer/refused, -4 Not asked, -5 Missing) are converted to NA before final output.",Q107-Private vs state ownership of business,WVS Wave 7 Variables Report V6.0; Codebook manual coded index.xlsx; WVS_Wave7_Setup.R
Q108,ECONOMIC VALUES,False,False,Not selected for display in Variable_Display_Logical.,integer,integer/numeric,Views on government vs. individual responsibility,Government's vs individual's responsibility,"Now I'd like you to tell me your views on various issues. How would you place your views on this scale? 1 means you agree completely with the statement on the left; 10 means you agree completely with the statement on the right; and if your views fall somewhere in between, you can choose any number in between.","1 = Government should take more responsibility to ensure that everyone is provided for, 10 = People should take more responsibility to provide for themselves",1 = The government should take more responsibility to ensure that everyone is provided for; 2 = 2; 3 = 3; 4 = 4; 5 = 5; 6 = 6; 7 = 7; 8 = 8; 9 = 9; 10 = People should take more responsibility to provide for themselves; -1 = Don't know; -2 = No answer; -4 = Not asked; -5 = Missing; Not available,1 = The government should take more responsibility to ensure that everyone is provided for; 2 = 2; 3 = 3; 4 = 4; 5 = 5; 6 = 6; 7 = 7; 8 = 8; 9 = 9; 10 = People should take more responsibility to provide for themselves,Original numeric values retained; all values below 0 are set to NA.,"Original negative missing/non-response codes (for example -1 Don't know, -2 No answer/refused, -4 Not asked, -5 Missing) are converted to NA before final output.",Q108-Government's vs individual's responsibility,WVS Wave 7 Variables Report V6.0; Codebook manual coded index.xlsx; WVS_Wave7_Setup.R
Q109,ECONOMIC VALUES,False,False,Not selected for display in Variable_Display_Logical.,integer,integer/numeric,Competition is good vs. harmful,Competition good or harmful,"Now I'd like you to tell me your views on various issues. How would you place your views on this scale? 1 means you agree completely with the statement on the left; 10 means you agree completely with the statement on the right; and if your views fall somewhere in between, you can choose any number in between.","1 = Competition is good, 10 = Competition is harmful",1 = Competition is good; 2 = 2; 3 = 3; 4 = 4; 5 = 5; 6 = 6; 7 = 7; 8 = 8; 9 = 9; 10 = Competition is harmful; -1 = Don't know; -2 = No answer; -4 = Not asked; -5 = Missing; Not available,1 = Competition is good; 2 = 2; 3 = 3; 4 = 4; 5 = 5; 6 = 6; 7 = 7; 8 = 8; 9 = 9; 10 = Competition is harmful,Original numeric values retained; all values below 0 are set to NA.,"Original negative missing/non-response codes (for example -1 Don't know, -2 No answer/refused, -4 Not asked, -5 Missing) are converted to NA before final output.",Q109-Competition good or harmful,WVS Wave 7 Variables Report V6.0; Codebook manual coded index.xlsx; WVS_Wave7_Setup.R
Q110,ECONOMIC VALUES,False,False,Not selected for display in Variable_Display_Logical.,integer,integer/numeric,Hard work for a better life vs. luck and connections,Success: hard work vs luck,"Now I'd like you to tell me your views on various issues. How would you place your views on this scale? 1 means you agree completely with the statement on the left; 10 means you agree completely with the statement on the right; and if your views fall somewhere in between, you can chose any number in between.","1 = In the long run, hard work usually brings a better life, 10 = Hard work doesn't generally bring success—it's more a matter of luck and connections","1 = In the long run, hard work usually brings a better life; 2 = 2; 3 = 3; 4 = 4; 5 = 5; 6 = 6; 7 = 7; 8 = 8; 9 = 9; 10 = Hard work doesn't generally bring success - it's more a matter of luck and connections; -1 = Don't know; -2 = No answer; -4 = Not asked; -5 = Missing; Not available","1 = In the long run, hard work usually brings a better life; 2 = 2; 3 = 3; 4 = 4; 5 = 5; 6 = 6; 7 = 7; 8 = 8; 9 = 9; 10 = Hard work doesn't generally bring success - it's more a matter of luck and connections",Original numeric values retained; all values below 0 are set to NA.,"Original negative missing/non-response codes (for example -1 Don't know, -2 No answer/refused, -4 Not asked, -5 Missing) are converted to NA before final output.",Q110-Success: hard work vs luck,WVS Wave 7 Variables Report V6.0; Codebook manual coded index.xlsx; WVS_Wave7_Setup.R
Q111,ECONOMIC VALUES,False,False,Not selected for display in Variable_Display_Logical.,factor,numeric,Protecting the environment vs. economic growth,Protecting environment vs. Economic growth,"Here are two statements people sometimes make when discussing the environment and economic growth. Which of them comes closer to your own point of view? A. Protecting the environment should be given priority, even if it causes slower economic growth and some loss of jobs B. Economic growth and creating jobs should be the top priority, even if the environment suffers to some extent","1 = Protecting the environment should be given priority, even if it causes slower economic growth and some loss of jobs. 2 = Economic growth and creating jobs should be the top priority, even if the environment suffers to some extent. 3 = Other answer.",1 = A: Protect environment; 2 = B: Economic growth; 3 = Other answer; -1 = Don't know; -2 = No answer; -4 = Not asked; -5 = Missing; Not available Perceptions of Corruption (Q112-Q120),0 = Other answer; 1 = Economy growth and creating jobs; 2 = Protecting environment,Custom recode in setup script; all unmatched responses and original negative missing codes are set to NA.,"Original negative missing/non-response codes (for example -1 Don't know, -2 No answer/refused, -4 Not asked, -5 Missing) are converted to NA before final output.",Q111-Protecting environment vs. Economic growth,WVS Wave 7 Variables Report V6.0; Codebook manual coded index.xlsx; WVS_Wave7_Setup.R
Q112,CORRUPTION,False,False,Not selected for display in Variable_Display_Logical.,integer,integer/numeric,Views on corruption in the country,Perceptions of corruption in the country,"Now I'd like you to tell me your views on corruption - when people pay a bribe, give a gift or do a favor to other people in order to get the things they need done or the services they need. How would you place your views on corruption in your country on a 10 -point scale where ""1"" means ""there is no corruption in this country"" and ""10"" means ""there is abundant corruption in this country"". If your views are somewhat mixed, choose the appropriate number in between.","1 = There is no corruption in my country, 10 = There is abundant corruption in my country",1 = 1; 2 = 2; 3 = 3; 4 = 4; 5 = 5; 6 = 6; 7 = 7; 8 = 8; 9 = 9; 10 = 10; -1 = Don't know; -2 = No answer; -4 = Not asked; -5 = Missing; Not available,1 = 1; 2 = 2; 3 = 3; 4 = 4; 5 = 5; 6 = 6; 7 = 7; 8 = 8; 9 = 9; 10 = 10,Original numeric values retained; all values below 0 are set to NA.,"Original negative missing/non-response codes (for example -1 Don't know, -2 No answer/refused, -4 Not asked, -5 Missing) are converted to NA before final output.",Q112-Perceptions of corruption in the country,WVS Wave 7 Variables Report V6.0; Codebook manual coded index.xlsx; WVS_Wave7_Setup.R
Q113,CORRUPTION,False,False,Not selected for display in Variable_Display_Logical.,factor_ordered,ordered numeric in indiv_ordinal; ordered factor in intermediate indiv,Belief in corruption among state authorities,Involved in corruption: State authorities,"Among the following groups of people, how many do you believe are involved in corruption? Tell me for each group if you believe it is none of them, few of them, most of them or all of them? State authorities",,1 = None of them; 2 = Few of them; 3 = Most of them; 4 = All of them; -1 = Don't know; -2 = No answer; -4 = Not asked; -5 = Missing; Not available,1 = None of them (original 1); 2 = Few of them (original 2); 3 = Most of them (original 3); 4 = All of them (original 4),"Haven labelled values converted to an ordered factor, then ordered factors are converted to ordinal integers with negative missing codes set to NA.","Original negative missing/non-response codes (for example -1 Don't know, -2 No answer/refused, -4 Not asked, -5 Missing) are converted to NA before final output.",Q113-Involved in corruption: State authorities,WVS Wave 7 Variables Report V6.0; Codebook manual coded index.xlsx; WVS_Wave7_Setup.R
Q114,CORRUPTION,False,False,Not selected for display in Variable_Display_Logical.,factor_ordered,ordered numeric in indiv_ordinal; ordered factor in intermediate indiv,Belief in corruption among business executives,Involved in corruption: Business executives,"Among the following groups of people, how many do you believe are involved in corruption? Tell me for each group if you believe it is none of them, few of them, most of them or all of them? Business executives",,1 = None of them; 2 = Few of them; 3 = Most of them; 4 = All of them; -1 = Don't know; -2 = No answer; -4 = Not asked; -5 = Missing; Not available,1 = None of them (original 1); 2 = Few of them (original 2); 3 = Most of them (original 3); 4 = All of them (original 4),"Haven labelled values converted to an ordered factor, then ordered factors are converted to ordinal integers with negative missing codes set to NA.","Original negative missing/non-response codes (for example -1 Don't know, -2 No answer/refused, -4 Not asked, -5 Missing) are converted to NA before final output.",Q114-Involved in corruption: Business executives,WVS Wave 7 Variables Report V6.0; Codebook manual coded index.xlsx; WVS_Wave7_Setup.R
Q115,CORRUPTION,False,False,Not selected for display in Variable_Display_Logical.,factor_ordered,ordered numeric in indiv_ordinal; ordered factor in intermediate indiv,Belief in corruption among local authorities,Involved in corruption: Local authorities,"Among the following groups of people, how many do you believe are involved in corruption? Tell me for each group if you believe it is none of them, few of them, most of them or all of them? Local authorities",,1 = None of them; 2 = Few of them; 3 = Most of them; 4 = All of them; -1 = Don't know; -2 = No answer; -4 = Not asked; -5 = Missing; Not available,1 = None of them (original 1); 2 = Few of them (original 2); 3 = Most of them (original 3); 4 = All of them (original 4),"Haven labelled values converted to an ordered factor, then ordered factors are converted to ordinal integers with negative missing codes set to NA.","Original negative missing/non-response codes (for example -1 Don't know, -2 No answer/refused, -4 Not asked, -5 Missing) are converted to NA before final output.",Q115-Involved in corruption: Local authorities,WVS Wave 7 Variables Report V6.0; Codebook manual coded index.xlsx; WVS_Wave7_Setup.R
Q116,CORRUPTION,False,False,Not selected for display in Variable_Display_Logical.,factor_ordered,ordered numeric in indiv_ordinal; ordered factor in intermediate indiv,Belief in corruption among civil service providers,Involved in corruption: Civil service providers,"Among the following groups of people, how many do you believe are involved in corruption? Tell me for each group if you believe it is none of them, few of them, most of them or all of them? Civil service providers (police, judiciary, civil servants, doctors, teachers)",,1 = None of them; 2 = Few of them; 3 = Most of them; 4 = All of them; -1 = Don't know; -2 = No answer; -4 = Not asked; -5 = Missing; Not available,1 = None of them (original 1); 2 = Few of them (original 2); 3 = Most of them (original 3); 4 = All of them (original 4),"Haven labelled values converted to an ordered factor, then ordered factors are converted to ordinal integers with negative missing codes set to NA.","Original negative missing/non-response codes (for example -1 Don't know, -2 No answer/refused, -4 Not asked, -5 Missing) are converted to NA before final output.",Q116-Involved in corruption: Civil service providers,WVS Wave 7 Variables Report V6.0; Codebook manual coded index.xlsx; WVS_Wave7_Setup.R
Q117,CORRUPTION,False,False,Not selected for display in Variable_Display_Logical.,factor_ordered,ordered numeric in indiv_ordinal; ordered factor in intermediate indiv,Belief in corruption among journalists and media,Involved in corruption: Journalists and media,"Among the following groups of people, how many do you believe are involved in corruption? Tell me for each group if you believe it is none of them, few of them, most of them or all of them? Journalists and media",,1 = None of them; 2 = Few of them; 3 = Most of them; 4 = All of them; -1 = Don't know; -2 = No answer; -4 = Not asked; -5 = Missing; Not available,1 = None of them (original 1); 2 = Few of them (original 2); 3 = Most of them (original 3); 4 = All of them (original 4),"Haven labelled values converted to an ordered factor, then ordered factors are converted to ordinal integers with negative missing codes set to NA.","Original negative missing/non-response codes (for example -1 Don't know, -2 No answer/refused, -4 Not asked, -5 Missing) are converted to NA before final output.",Q117-Involved in corruption: Journalists and media,WVS Wave 7 Variables Report V6.0; Codebook manual coded index.xlsx; WVS_Wave7_Setup.R
Q118,CORRUPTION,False,False,Not selected for display in Variable_Display_Logical.,factor_ordered,ordered numeric in indiv_ordinal; ordered factor in intermediate indiv,Frequency of needing to bribe local officials,"Frequency ordinary people pay a bribe, give a gift or do a favor to local","officials/service providers in order to get services We want to know about your experience with local officials and service providers, like police officers, lawyers, doctors, teachers and civil servants in your community. How often do you think ordinary people like yourself or people from your neighbourhood have to pay a bribe, give a gift or do a favor to these people in order to get the services you need? Does it happen never, rarely, frequently or always?",,1 = Never; 2 = Rarely; 3 = Frequently; 4 = Always; -1 = Don't know; -2 = No answer; -4 = Not asked; -5 = Missing; Not available,1 = Never (original 1); 2 = Rarely (original 2); 3 = Frequently (original 3); 4 = Always (original 4),"Haven labelled values converted to an ordered factor, then ordered factors are converted to ordinal integers with negative missing codes set to NA.","Original negative missing/non-response codes (for example -1 Don't know, -2 No answer/refused, -4 Not asked, -5 Missing) are converted to NA before final output.","Q118-Frequency ordinary people pay a bribe, give a gift or do a favor to local",WVS Wave 7 Variables Report V6.0; Codebook manual coded index.xlsx; WVS_Wave7_Setup.R
Q119,CORRUPTION,False,False,Not selected for display in Variable_Display_Logical.,factor_ordered,ordered numeric in indiv_ordinal; ordered factor in intermediate indiv,Agreement with statement about women and corruption,"Degree of agreement: On the whole, women are less corrupt than men","Can you tell me how strongly you agree or disagree with the following statement: On the whole, women are less corrupt than men",,0 = Hard to say; 1 = Strongly agree; 2 = Agree; 3 = Disagree; 4 = Strongly disagree; -1 = Don't know; -2 = No answer; -4 = Not asked; -5 = Missing; Not available,1 = Hard to say (original 0); 2 = Strongly agree (original 1); 3 = Agree (original 2); 4 = Disagree (original 3); 5 = Strongly disagree (original 4),"Haven labelled values converted to an ordered factor, then ordered factors are converted to ordinal integers with negative missing codes set to NA.","Original negative missing/non-response codes (for example -1 Don't know, -2 No answer/refused, -4 Not asked, -5 Missing) are converted to NA before final output.","Q119-Degree of agreement: On the whole, women are less corrupt than men",WVS Wave 7 Variables Report V6.0; Codebook manual coded index.xlsx; WVS_Wave7_Setup.R
Q120,CORRUPTION,False,False,Not selected for display in Variable_Display_Logical.,factor_ordered,ordered numeric in indiv_ordinal; ordered factor in intermediate indiv,Perceived risk of being held accountable for corruption,Risk to be held accountable for giving or receiving a bribe,"How high is the risk in this country to be held accountable for giving or receiving a bribe, gift or favour in return for public service? To indicate your opinion, use a 10 - point scale where ""1"" means ""no risk at all"" and ""10"" means ""very high risk"".","To indicate your opinion, use a 10-point scale where ""1"" means ""no risk at all"" and ""10"" means ""very high risk"".",1 = No risk at all; 2 = 2; 3 = 3; 4 = 4; 5 = 5; 6 = 6; 7 = 7; 8 = 8; 9 = 9; 10 = Very high risk; -1 = Don't know; -2 = No answer; -4 = Not asked; -5 = Missing; Not available Perceptions of Migration (Q121-Q130),1 = No risk at all (original 1); 2 = 2 (original 2); 3 = 3 (original 3); 4 = 4 (original 4); 5 = 5 (original 5); 6 = 6 (original 6); 7 = 7 (original 7); 8 = 8 (original 8); 9 = 9 (original 9); 10 = Very high risk (original 10),"Haven labelled values converted to an ordered factor, then ordered factors are converted to ordinal integers with negative missing codes set to NA.","Original negative missing/non-response codes (for example -1 Don't know, -2 No answer/refused, -4 Not asked, -5 Missing) are converted to NA before final output.",Q120-Risk to be held accountable for giving or receiving a bribe,WVS Wave 7 Variables Report V6.0; Codebook manual coded index.xlsx; WVS_Wave7_Setup.R
Q121,MIGRATION,False,False,Not selected for display in Variable_Display_Logical.,factor_ordered,ordered numeric in indiv_ordinal; ordered factor in intermediate indiv,Opinion on the impact of immigrants,Impact of immigrants on the development of the country,Now we would like to know your opinion about the people from other countries who come to live in this country - the immigrants. How would you evaluate the impact of these people on the development of this country?,,"1 = Rather bad; 2 = Quite bad; 3 = Neither good, nor bad; 4 = Quite good; 5 = Very good; -1 = Don't know; -2 = No answer; -4 = Not asked; -5 = Missing; Not available","1 = Rather bad (original 1); 2 = Quite bad (original 2); 3 = Neither good, nor bad (original 3); 4 = Quite good (original 4); 5 = Very good (original 5)","Haven labelled values converted to an ordered factor, then ordered factors are converted to ordinal integers with negative missing codes set to NA.","Original negative missing/non-response codes (for example -1 Don't know, -2 No answer/refused, -4 Not asked, -5 Missing) are converted to NA before final output.",Q121-Impact of immigrants on the development of the country,WVS Wave 7 Variables Report V6.0; Codebook manual coded index.xlsx; WVS_Wave7_Setup.R
Q122,MIGRATION,False,False,Not selected for display in Variable_Display_Logical.,factor_ordered,ordered numeric in indiv_ordinal; ordered factor in intermediate indiv,Effects of immigration on job vacancies,Immigration in your country: Fills useful jobs in the workforce,"From your point of view, what have been the effects of immigrants on the development of this country? - Fill useful jobs in the workforce",,0 = Disagree; 1 = Hard to say; 2 = Agree; -1 = Don't know; -2 = No answer; -4 = Not asked; -5 = Missing; Not available,1 = Disagree (original 0); 2 = Hard to say (original 1); 3 = Agree (original 2),"Haven labelled values converted to an ordered factor, then ordered factors are converted to ordinal integers with negative missing codes set to NA.","Original negative missing/non-response codes (for example -1 Don't know, -2 No answer/refused, -4 Not asked, -5 Missing) are converted to NA before final output.",Q122-Immigration in your country: Fills useful jobs in the workforce,WVS Wave 7 Variables Report V6.0; Codebook manual coded index.xlsx; WVS_Wave7_Setup.R
Q123,MIGRATION,False,False,Not selected for display in Variable_Display_Logical.,factor_ordered,ordered numeric in indiv_ordinal; ordered factor in intermediate indiv,Immigration strengthens cultural diversity,Immigration in your country: Strengthens cultural diversity,"From your point of view, what have been the effects of immigrants on the development of this country? - Strengthen cultural diversity",,0 = Disagree; 1 = Hard to say; 2 = Agree; -1 = Don't know; -2 = No answer; -4 = Not asked; -5 = Missing; Not available,1 = Disagree (original 0); 2 = Hard to say (original 1); 3 = Agree (original 2),"Haven labelled values converted to an ordered factor, then ordered factors are converted to ordinal integers with negative missing codes set to NA.","Original negative missing/non-response codes (for example -1 Don't know, -2 No answer/refused, -4 Not asked, -5 Missing) are converted to NA before final output.",Q123-Immigration in your country: Strengthens cultural diversity,WVS Wave 7 Variables Report V6.0; Codebook manual coded index.xlsx; WVS_Wave7_Setup.R
Q124,MIGRATION,False,False,Not selected for display in Variable_Display_Logical.,factor_ordered,ordered numeric in indiv_ordinal; ordered factor in intermediate indiv,Immigration increases the crime rate,Immigration in your country: Increases the crime rate,"From your point of view, what have been the effects of immigrants on the development of this country? - Increase the crime rate",,0 = Disagree; 1 = Hard to say; 2 = Agree; -1 = Don't know; -2 = No answer; -4 = Not asked; -5 = Missing; Not available,1 = Disagree (original 0); 2 = Hard to say (original 1); 3 = Agree (original 2),"Haven labelled values converted to an ordered factor, then ordered factors are converted to ordinal integers with negative missing codes set to NA.","Original negative missing/non-response codes (for example -1 Don't know, -2 No answer/refused, -4 Not asked, -5 Missing) are converted to NA before final output.",Q124-Immigration in your country: Increases the crime rate,WVS Wave 7 Variables Report V6.0; Codebook manual coded index.xlsx; WVS_Wave7_Setup.R
Q125,MIGRATION,False,False,Not selected for display in Variable_Display_Logical.,factor_ordered,ordered numeric in indiv_ordinal; ordered factor in intermediate indiv,Immigration gives asylum to political refugees,Immigration in your country: Gives asylum to political refugees,"From your point of view, what have been the effects of immigrants on the development of this country? - Give asylum to political refugees",,0 = Disagree; 1 = Hard to say; 2 = Agree; -1 = Don't know; -2 = No answer; -4 = Not asked; -5 = Missing; Not available,1 = Disagree (original 0); 2 = Hard to say (original 1); 3 = Agree (original 2),"Haven labelled values converted to an ordered factor, then ordered factors are converted to ordinal integers with negative missing codes set to NA.","Original negative missing/non-response codes (for example -1 Don't know, -2 No answer/refused, -4 Not asked, -5 Missing) are converted to NA before final output.",Q125-Immigration in your country: Gives asylum to political refugees,WVS Wave 7 Variables Report V6.0; Codebook manual coded index.xlsx; WVS_Wave7_Setup.R
Q126,MIGRATION,False,False,Not selected for display in Variable_Display_Logical.,factor_ordered,ordered numeric in indiv_ordinal; ordered factor in intermediate indiv,Immigration increases risks of terrorism,Immigration in your country: Increases the risks of terrorism,"From your point of view, what have been the effects of immigrants on the development of this country? - Increase the risks of terrorism",,0 = Disagree; 1 = Hard to say; 2 = Agree; -1 = Don't know; -2 = No answer; -4 = Not asked; -5 = Missing; Not available,1 = Disagree (original 0); 2 = Hard to say (original 1); 3 = Agree (original 2),"Haven labelled values converted to an ordered factor, then ordered factors are converted to ordinal integers with negative missing codes set to NA.","Original negative missing/non-response codes (for example -1 Don't know, -2 No answer/refused, -4 Not asked, -5 Missing) are converted to NA before final output.",Q126-Immigration in your country: Increases the risks of terrorism,WVS Wave 7 Variables Report V6.0; Codebook manual coded index.xlsx; WVS_Wave7_Setup.R
Q127,MIGRATION,False,False,Not selected for display in Variable_Display_Logical.,factor_ordered,ordered numeric in indiv_ordinal; ordered factor in intermediate indiv,Immigration offers better living to people from poor countries,Immigration in your country: Helps poor people establish new lives,"From your point of view, what have been the effects of immigrants on the development of this country? Help poor people establish new lives",,0 = Disagree; 1 = Hard to say; 2 = Agree; -1 = Don't know; -2 = No answer; -4 = Not asked; -5 = Missing; Not available,1 = Disagree (original 0); 2 = Hard to say (original 1); 3 = Agree (original 2),"Haven labelled values converted to an ordered factor, then ordered factors are converted to ordinal integers with negative missing codes set to NA.","Original negative missing/non-response codes (for example -1 Don't know, -2 No answer/refused, -4 Not asked, -5 Missing) are converted to NA before final output.",Q127-Immigration in your country: Helps poor people establish new lives,WVS Wave 7 Variables Report V6.0; Codebook manual coded index.xlsx; WVS_Wave7_Setup.R
Q128,MIGRATION,False,False,Not selected for display in Variable_Display_Logical.,factor_ordered,ordered numeric in indiv_ordinal; ordered factor in intermediate indiv,Immigration increases unemployment,Immigration in your country: Increases unemployment,"From your point of view, what have been the effects of immigrants on the development of this country? Increase unemployment",,0 = Disagree; 1 = Hard to say; 2 = Agree; -1 = Don't know; -2 = No answer; -4 = Not asked; -5 = Missing; Not available,1 = Disagree (original 0); 2 = Hard to say (original 1); 3 = Agree (original 2),"Haven labelled values converted to an ordered factor, then ordered factors are converted to ordinal integers with negative missing codes set to NA.","Original negative missing/non-response codes (for example -1 Don't know, -2 No answer/refused, -4 Not asked, -5 Missing) are converted to NA before final output.",Q128-Immigration in your country: Increases unemployment,WVS Wave 7 Variables Report V6.0; Codebook manual coded index.xlsx; WVS_Wave7_Setup.R
Q129,MIGRATION,False,False,Not selected for display in Variable_Display_Logical.,factor_ordered,ordered numeric in indiv_ordinal; ordered factor in intermediate indiv,Immigration leads to social conflict,Immigration in your country: Leads to social conflict,"From your point of view, what have been the effects of immigrants on the development of this country? Lead to social conflict",,0 = Disagree; 1 = Hard to say; 2 = Agree; -1 = Don't know; -2 = No answer; -4 = Not asked; -5 = Missing; Not available,1 = Disagree (original 0); 2 = Hard to say (original 1); 3 = Agree (original 2),"Haven labelled values converted to an ordered factor, then ordered factors are converted to ordinal integers with negative missing codes set to NA.","Original negative missing/non-response codes (for example -1 Don't know, -2 No answer/refused, -4 Not asked, -5 Missing) are converted to NA before final output.",Q129-Immigration in your country: Leads to social conflict,WVS Wave 7 Variables Report V6.0; Codebook manual coded index.xlsx; WVS_Wave7_Setup.R
Q130,MIGRATION,False,False,Not selected for display in Variable_Display_Logical.,factor_ordered,ordered numeric in indiv_ordinal; ordered factor in intermediate indiv,Government policy on foreign workers,Immigration policy preference,How about people from other countries coming here to work. Which one of the following do you think the government should do?,,1 = Let anyone come who wants to; 2 = Let people come as long as there are jobs available; 3 = Place strict limits on the number of foreigners who can come here; 4 = Prohibit people coming here from other countries; -1 = Don't know; -2 = No answer; -4 = Not asked; -5 = Missing; Not available Perceptions of Security (Q131-Q151),1 = Let anyone come who wants to (original 1); 2 = Let people come as long as there are jobs available (original 2); 3 = Place strict limits on the number of foreigners who can come here (original 3); 4 = Prohibit people coming here from other countries (original 4),"Haven labelled values converted to an ordered factor, then ordered factors are converted to ordinal integers with negative missing codes set to NA.","Original negative missing/non-response codes (for example -1 Don't know, -2 No answer/refused, -4 Not asked, -5 Missing) are converted to NA before final output.",Q130-Immigration policy preference,WVS Wave 7 Variables Report V6.0; Codebook manual coded index.xlsx; WVS_Wave7_Setup.R
Q131,SECURITY,False,False,Not selected for display in Variable_Display_Logical.,factor_ordered,ordered numeric in indiv_ordinal; ordered factor in intermediate indiv,How secure do you feel these days?,Secure in neighborhood,Could you tell me how secure do you feel these days in your neighborhood?,,1 = Very Secure; 2 = Quite secure; 3 = Not very secure; 4 = Not at all secure; -1 = Don't know; -2 = No answer; -4 = Not asked; -5 = Missing; Unknown,1 = Very Secure (original 1); 2 = Quite secure (original 2); 3 = Not very secure (original 3); 4 = Not at all secure (original 4),"Haven labelled values converted to an ordered factor, then ordered factors are converted to ordinal integers with negative missing codes set to NA.","Original negative missing/non-response codes (for example -1 Don't know, -2 No answer/refused, -4 Not asked, -5 Missing) are converted to NA before final output.",Q131-Secure in neighborhood,WVS Wave 7 Variables Report V6.0; Codebook manual coded index.xlsx; WVS_Wave7_Setup.R
Q132,SECURITY,False,False,Not selected for display in Variable_Display_Logical.,factor_ordered,ordered numeric in indiv_ordinal; ordered factor in intermediate indiv,Frequency of robberies in your neighborhood,Frequency in your neighborhood: Robberies,How frequently do the following things occur in your neighborhood? Robberies,,1 = Very Frequently; 2 = Quite frequently; 3 = Not frequently; 4 = Not at all frequently; -1 = Don't know; -2 = No answer; -4 = Not asked; -5 = Missing; Not available,1 = Very Frequently (original 1); 2 = Quite frequently (original 2); 3 = Not frequently (original 3); 4 = Not at all frequently (original 4),"Haven labelled values converted to an ordered factor, then ordered factors are converted to ordinal integers with negative missing codes set to NA.","Original negative missing/non-response codes (for example -1 Don't know, -2 No answer/refused, -4 Not asked, -5 Missing) are converted to NA before final output.",Q132-Frequency in your neighborhood: Robberies,WVS Wave 7 Variables Report V6.0; Codebook manual coded index.xlsx; WVS_Wave7_Setup.R
Q133,SECURITY,False,False,Not selected for display in Variable_Display_Logical.,factor_ordered,ordered numeric in indiv_ordinal; ordered factor in intermediate indiv,Frequency of alcohol consumption in the streets,Frequency in your neighborhood: Alcohol consumed in the streets,How frequently do the following things occur in your neighborhood? Alcohol consumed in the streets,,1 = Very Frequently; 2 = Quite frequently; 3 = Not frequently; 4 = Not at all frequently; -1 = Don't know; -2 = No answer; -4 = Not asked; -5 = Missing; Not available,1 = Very Frequently (original 1); 2 = Quite frequently (original 2); 3 = Not frequently (original 3); 4 = Not at all frequently (original 4),"Haven labelled values converted to an ordered factor, then ordered factors are converted to ordinal integers with negative missing codes set to NA.","Original negative missing/non-response codes (for example -1 Don't know, -2 No answer/refused, -4 Not asked, -5 Missing) are converted to NA before final output.",Q133-Frequency in your neighborhood: Alcohol consumed in the streets,WVS Wave 7 Variables Report V6.0; Codebook manual coded index.xlsx; WVS_Wave7_Setup.R
Q134,SECURITY,False,False,Not selected for display in Variable_Display_Logical.,factor_ordered,ordered numeric in indiv_ordinal; ordered factor in intermediate indiv,Frequency of police or military interference,Frequency in your neighborhood: Police or military interfere with people's private,life How frequently do the following things occur in your neighborhood? Police or military interfere with people's private life,,1 = Very Frequently; 2 = Quite frequently; 3 = Not frequently; 4 = Not at all frequently; -1 = Don't know; -2 = No answer; -4 = Not asked; -5 = Missing; Not available,1 = Very Frequently (original 1); 2 = Quite frequently (original 2); 3 = Not frequently (original 3); 4 = Not at all frequently (original 4),"Haven labelled values converted to an ordered factor, then ordered factors are converted to ordinal integers with negative missing codes set to NA.","Original negative missing/non-response codes (for example -1 Don't know, -2 No answer/refused, -4 Not asked, -5 Missing) are converted to NA before final output.",Q134-Frequency in your neighborhood: Police or military interfere with people's private,WVS Wave 7 Variables Report V6.0; Codebook manual coded index.xlsx; WVS_Wave7_Setup.R
Q135,SECURITY,False,False,Not selected for display in Variable_Display_Logical.,factor_ordered,ordered numeric in indiv_ordinal; ordered factor in intermediate indiv,Frequency of racist behavior in the neighborhood,Frequency in your neighborhood: Racist behavior,How frequently do the following things occur in your neighborhood? Racist behavior,,1 = Very Frequently; 2 = Quite frequently; 3 = Not frequently; 4 = Not at all frequently; -1 = Don't know; -2 = No answer; -4 = Not asked; -5 = Missing; Not available,1 = Very Frequently (original 1); 2 = Quite frequently (original 2); 3 = Not frequently (original 3); 4 = Not at all frequently (original 4),"Haven labelled values converted to an ordered factor, then ordered factors are converted to ordinal integers with negative missing codes set to NA.","Original negative missing/non-response codes (for example -1 Don't know, -2 No answer/refused, -4 Not asked, -5 Missing) are converted to NA before final output.",Q135-Frequency in your neighborhood: Racist behavior,WVS Wave 7 Variables Report V6.0; Codebook manual coded index.xlsx; WVS_Wave7_Setup.R
Q136,SECURITY,False,False,Not selected for display in Variable_Display_Logical.,factor_ordered,ordered numeric in indiv_ordinal; ordered factor in intermediate indiv,Frequency of drug sale in the streets,Frequency in your neighborhood: Drug sale in streets,How frequently do the following things occur in your neighborhood? Drug sale in streets,,1 = Very Frequently; 2 = Quite frequently; 3 = Not frequently; 4 = Not at all frequently; -1 = Don't know; -2 = No answer; -4 = Not asked; -5 = Missing; Not available,1 = Very Frequently (original 1); 2 = Quite frequently (original 2); 3 = Not frequently (original 3); 4 = Not at all frequently (original 4),"Haven labelled values converted to an ordered factor, then ordered factors are converted to ordinal integers with negative missing codes set to NA.","Original negative missing/non-response codes (for example -1 Don't know, -2 No answer/refused, -4 Not asked, -5 Missing) are converted to NA before final output.",Q136-Frequency in your neighborhood: Drug sale in streets,WVS Wave 7 Variables Report V6.0; Codebook manual coded index.xlsx; WVS_Wave7_Setup.R
Q137,SECURITY,False,False,Not selected for display in Variable_Display_Logical.,factor_ordered,ordered numeric in indiv_ordinal; ordered factor in intermediate indiv,Frequency of street violence and fights,Frequency in your neighborhood: Street violence and fights,How frequently do the following things occur in your neighborhood? Street violence and fights,,1 = Very Frequently; 2 = Quite frequently; 3 = Not frequently; 4 = Not at all frequently; -1 = Don't know; -2 = No answer; -4 = Not asked; -5 = Missing; Not available,1 = Very Frequently (original 1); 2 = Quite frequently (original 2); 3 = Not frequently (original 3); 4 = Not at all frequently (original 4),"Haven labelled values converted to an ordered factor, then ordered factors are converted to ordinal integers with negative missing codes set to NA.","Original negative missing/non-response codes (for example -1 Don't know, -2 No answer/refused, -4 Not asked, -5 Missing) are converted to NA before final output.",Q137-Frequency in your neighborhood: Street violence and fights,WVS Wave 7 Variables Report V6.0; Codebook manual coded index.xlsx; WVS_Wave7_Setup.R
Q138,SECURITY,False,False,Not selected for display in Variable_Display_Logical.,factor_ordered,ordered numeric in indiv_ordinal; ordered factor in intermediate indiv,Frequency of sexual harassment in the neighborhood,Frequency in your neighborhood: Sexual harassment,How frequently do the following things occur in your neighborhood? Sexual harassment,,1 = Very Frequently; 2 = Quite frequently; 3 = Not frequently; 4 = Not at all frequently; -1 = Don't know; -2 = No answer; -4 = Not asked; -5 = Missing; Not available,1 = Very Frequently (original 1); 2 = Quite frequently (original 2); 3 = Not frequently (original 3); 4 = Not at all frequently (original 4),"Haven labelled values converted to an ordered factor, then ordered factors are converted to ordinal integers with negative missing codes set to NA.","Original negative missing/non-response codes (for example -1 Don't know, -2 No answer/refused, -4 Not asked, -5 Missing) are converted to NA before final output.",Q138-Frequency in your neighborhood: Sexual harassment,WVS Wave 7 Variables Report V6.0; Codebook manual coded index.xlsx; WVS_Wave7_Setup.R
Q139,SECURITY,False,False,Not selected for display in Variable_Display_Logical.,factor,numeric,Didn't carry much money for security reasons,Things done for reasons of security: Didn't carry much money,Which of the following things have you done for reasons of security? Didn't carry much money,,1 = Yes; 2 = No; -1 = Don't know; -2 = No answer; -4 = Not asked; -5 = Missing; Not available,0 = No; 1 = Yes,Custom recode in setup script; all unmatched responses and original negative missing codes are set to NA.,"Original negative missing/non-response codes (for example -1 Don't know, -2 No answer/refused, -4 Not asked, -5 Missing) are converted to NA before final output.",Q139-Things done for reasons of security: Didn't carry much money,WVS Wave 7 Variables Report V6.0; Codebook manual coded index.xlsx; WVS_Wave7_Setup.R
Q140,SECURITY,False,False,Not selected for display in Variable_Display_Logical.,factor,numeric,Preferred not to go out at night for security reasons,Things done for reasons of security: Preferred not to go out at night,Which of the following things have you done for reasons of security? Preferred not to go out at night,,1 = Yes; 2 = No; -1 = Don't know; -2 = No answer; -4 = Not asked; -5 = Missing; Not available,0 = No; 1 = Yes,Custom recode in setup script; all unmatched responses and original negative missing codes are set to NA.,"Original negative missing/non-response codes (for example -1 Don't know, -2 No answer/refused, -4 Not asked, -5 Missing) are converted to NA before final output.",Q140-Things done for reasons of security: Preferred not to go out at night,WVS Wave 7 Variables Report V6.0; Codebook manual coded index.xlsx; WVS_Wave7_Setup.R
Q141,SECURITY,False,False,Not selected for display in Variable_Display_Logical.,factor,numeric,Carried a weapon for security reasons,"Things done for reasons of security: Carried a knife, gun or other weapon","Which of the following things have you done for reasons of security? Carried a knife, gun or other weapon",,1 = Yes; 2 = No; -1 = Don't know; -2 = No answer; -4 = Not asked; -5 = Missing; Not available,0 = No; 1 = Yes,Custom recode in setup script; all unmatched responses and original negative missing codes are set to NA.,"Original negative missing/non-response codes (for example -1 Don't know, -2 No answer/refused, -4 Not asked, -5 Missing) are converted to NA before final output.","Q141-Things done for reasons of security: Carried a knife, gun or other weapon",WVS Wave 7 Variables Report V6.0; Codebook manual coded index.xlsx; WVS_Wave7_Setup.R
Q142,SECURITY,False,False,Not selected for display in Variable_Display_Logical.,factor_ordered,ordered numeric in indiv_ordinal; ordered factor in intermediate indiv,Worried about losing job,Worries: Losing my job or not finding a job,To what degree are you worried about the following situations? Losing my job or not finding a job,,1 = Very much; 2 = A great deal; 3 = Not much; 4 = Not at all; -1 = Don't know; -2 = No answer; -4 = Not asked; -5 = Missing; Not available,1 = Very much (original 1); 2 = A great deal (original 2); 3 = Not much (original 3); 4 = Not at all (original 4),"Haven labelled values converted to an ordered factor, then ordered factors are converted to ordinal integers with negative missing codes set to NA.","Original negative missing/non-response codes (for example -1 Don't know, -2 No answer/refused, -4 Not asked, -5 Missing) are converted to NA before final output.",Q142-Worries: Losing my job or not finding a job,WVS Wave 7 Variables Report V6.0; Codebook manual coded index.xlsx; WVS_Wave7_Setup.R
Q143,SECURITY,False,False,Not selected for display in Variable_Display_Logical.,factor_ordered,ordered numeric in indiv_ordinal; ordered factor in intermediate indiv,Worried about giving children a good education,Worries: Not being able to give one's children a good education,To what degree are you worried about the following situations? Not being able to give one's children a good education,,1 = Very much; 2 = A great deal; 3 = Not much; 4 = Not at all; -1 = Don't know; -2 = No answer; -4 = Not asked; -5 = Missing; Not available,1 = Very much (original 1); 2 = A great deal (original 2); 3 = Not much (original 3); 4 = Not at all (original 4),"Haven labelled values converted to an ordered factor, then ordered factors are converted to ordinal integers with negative missing codes set to NA.","Original negative missing/non-response codes (for example -1 Don't know, -2 No answer/refused, -4 Not asked, -5 Missing) are converted to NA before final output.",Q143-Worries: Not being able to give one's children a good education,WVS Wave 7 Variables Report V6.0; Codebook manual coded index.xlsx; WVS_Wave7_Setup.R
Q144,SECURITY,False,False,Not selected for display in Variable_Display_Logical.,factor,numeric,Victim of a crime (respondent),Respondent was victim of a crime during the past year,Have you been the victim of a crime during the past year?,,1 = Yes; 2 = No; -1 = Don't know; -2 = No answer; -4 = Not asked; -5 = Missing; Not available,0 = No; 1 = Yes,Custom recode in setup script; all unmatched responses and original negative missing codes are set to NA.,"Original negative missing/non-response codes (for example -1 Don't know, -2 No answer/refused, -4 Not asked, -5 Missing) are converted to NA before final output.",Q144-Respondent was victim of a crime during the past year,WVS Wave 7 Variables Report V6.0; Codebook manual coded index.xlsx; WVS_Wave7_Setup.R
Q145,SECURITY,False,False,Not selected for display in Variable_Display_Logical.,factor,numeric,Victim of a crime (family),Respondent's family was victim of a crime during last year,And what about your immediate family--has someone in your family been the victim of a crime during the last year?,,1 = Yes; 2 = No; -1 = Don't know; -2 = No answer; -4 = Not asked; -5 = Missing; Not available,0 = No; 1 = Yes,Custom recode in setup script; all unmatched responses and original negative missing codes are set to NA.,"Original negative missing/non-response codes (for example -1 Don't know, -2 No answer/refused, -4 Not asked, -5 Missing) are converted to NA before final output.",Q145-Respondent's family was victim of a crime during last year,WVS Wave 7 Variables Report V6.0; Codebook manual coded index.xlsx; WVS_Wave7_Setup.R
Q146,SECURITY,False,False,Not selected for display in Variable_Display_Logical.,factor_ordered,ordered numeric in indiv_ordinal; ordered factor in intermediate indiv,Worried about war involving my country,Worries: A war involving my country,To what degree are you worried about the following situations? A war involving my country,,1 = Very much; 2 = A great deal; 3 = Not much; 4 = Not at all; -1 = Don't know; -2 = No answer; -4 = Not asked; -5 = Missing; Not available,1 = Very much (original 1); 2 = A great deal (original 2); 3 = Not much (original 3); 4 = Not at all (original 4),"Haven labelled values converted to an ordered factor, then ordered factors are converted to ordinal integers with negative missing codes set to NA.","Original negative missing/non-response codes (for example -1 Don't know, -2 No answer/refused, -4 Not asked, -5 Missing) are converted to NA before final output.",Q146-Worries: A war involving my country,WVS Wave 7 Variables Report V6.0; Codebook manual coded index.xlsx; WVS_Wave7_Setup.R
Q147,SECURITY,False,False,Not selected for display in Variable_Display_Logical.,factor_ordered,ordered numeric in indiv_ordinal; ordered factor in intermediate indiv,Worried about a terrorist attack,Worries: A terrorist attack,To what degree are you worried about the following situations? A terrorist attack,,1 = Very much; 2 = A great deal; 3 = Not much; 4 = Not at all; -1 = Don't know; -2 = No answer; -4 = Not asked; -5 = Missing; Not available,1 = Very much (original 1); 2 = A great deal (original 2); 3 = Not much (original 3); 4 = Not at all (original 4),"Haven labelled values converted to an ordered factor, then ordered factors are converted to ordinal integers with negative missing codes set to NA.","Original negative missing/non-response codes (for example -1 Don't know, -2 No answer/refused, -4 Not asked, -5 Missing) are converted to NA before final output.",Q147-Worries: A terrorist attack,WVS Wave 7 Variables Report V6.0; Codebook manual coded index.xlsx; WVS_Wave7_Setup.R
Q148,SECURITY,False,False,Not selected for display in Variable_Display_Logical.,factor_ordered,ordered numeric in indiv_ordinal; ordered factor in intermediate indiv,Worried about a civil war,Worries: A civil war,To what degree are you worried about the following situations? A civil war,,1 = Very much; 2 = A great deal; 3 = Not much; 4 = Not at all; -1 = Don't know; -2 = No answer; -4 = Not asked; -5 = Missing; Unknown,1 = Very much (original 1); 2 = A great deal (original 2); 3 = Not much (original 3); 4 = Not at all (original 4),"Haven labelled values converted to an ordered factor, then ordered factors are converted to ordinal integers with negative missing codes set to NA.","Original negative missing/non-response codes (for example -1 Don't know, -2 No answer/refused, -4 Not asked, -5 Missing) are converted to NA before final output.",Q148-Worries: A civil war,WVS Wave 7 Variables Report V6.0; Codebook manual coded index.xlsx; WVS_Wave7_Setup.R
Q149,SECURITY,False,False,Not selected for display in Variable_Display_Logical.,factor,numeric,If had to choose between freedom and equality,Freedom and Equality - Which more important,"Most people consider both freedom and equality to be important, but if you had to choose between them, which one would you consider more important?",,1 = Freedom; 2 = Equality; -1 = Don't know; -2 = No answer; -4 = Not asked; -5 = Missing; Not available,0 = Equality; 0 = Security; 1 = Freedom,Custom recode in setup script; all unmatched responses and original negative missing codes are set to NA.,"Original negative missing/non-response codes (for example -1 Don't know, -2 No answer/refused, -4 Not asked, -5 Missing) are converted to NA before final output.",Q149-Freedom and Equality - Which more important,WVS Wave 7 Variables Report V6.0; Codebook manual coded index.xlsx; WVS_Wave7_Setup.R
Q150,SECURITY,False,False,Not selected for display in Variable_Display_Logical.,factor,numeric,If had to choose between freedom and security,Freedom and security - Which more important,"Most people consider both freedom and security to be important, but if you had to choose between them, which one would you consider more important?",,1 = Freedom; 2 = Security; -1 = Don't know; -2 = No answer; -4 = Not asked; -5 = Missing; Not available,0 = Equality; 0 = Security; 1 = Freedom,Custom recode in setup script; all unmatched responses and original negative missing codes are set to NA.,"Original negative missing/non-response codes (for example -1 Don't know, -2 No answer/refused, -4 Not asked, -5 Missing) are converted to NA before final output.",Q150-Freedom and security - Which more important,WVS Wave 7 Variables Report V6.0; Codebook manual coded index.xlsx; WVS_Wave7_Setup.R
Q151,SECURITY,False,False,Not selected for display in Variable_Display_Logical.,factor,numeric,Willingness to fight for your country,Willingness to fight for country,"Of course, we all hope that there will not be another war, but if it were to come to that, would you be willing to fight for your country?",,1 = Yes; 2 = No; -1 = Don't know; -2 = No answer; -4 = Not asked; -5 = Missing; Not available Index of Postmaterialism (Q152-Q157),0 = No; 1 = Yes,Custom recode in setup script; all unmatched responses and original negative missing codes are set to NA.,"Original negative missing/non-response codes (for example -1 Don't know, -2 No answer/refused, -4 Not asked, -5 Missing) are converted to NA before final output.",Q151-Willingness to fight for country,WVS Wave 7 Variables Report V6.0; Codebook manual coded index.xlsx; WVS_Wave7_Setup.R
Q152,POSTMATERIALIST INDEX,False,False,Not selected for display in Variable_Display_Logical.,factor,numeric,Most important goal for the next ten years (first choice),Aims of country: first choice,People sometimes talk about what the aims of this country should be for the next ten years. On this card are listed some of the goals which different people would give top priority. Would you please say which one of these you consider the most important?,,1 = A high level of economic growth; 2 = Strong defence forces; 3 = People have more say about how things are done; 4 = Trying to make our cities and countryside more beautiful; -1 = Don't know; -2 = No answer; -4 = Not asked; -5 = Missing; Unknown,0 = Trying to make our cities and countryside more beautiful; 1 = Seeing that people have more say about how are done at their jobs and in their communities; 2 = Making sure this country has strong defence forces; 3 = A high level of economic growth,Custom recode in setup script; all unmatched responses and original negative missing codes are set to NA.,"Original negative missing/non-response codes (for example -1 Don't know, -2 No answer/refused, -4 Not asked, -5 Missing) are converted to NA before final output.",Q152-Aims of country: first choice,WVS Wave 7 Variables Report V6.0; Codebook manual coded index.xlsx; WVS_Wave7_Setup.R
Q153,POSTMATERIALIST INDEX,False,False,Not selected for display in Variable_Display_Logical.,factor,numeric,Next most important goal (second choice),Aims of country: second choice,People sometimes talk about what the aims of this country should be for the next ten years. On this card are listed some of the goals which different people would give top priority. Would you please say which one of these you consider the second most important?,,1 = A high level of economic growth; 2 = Making sure this country has strong defence forces; 3 = Seeing that people have more say about how are done at their jobs and in their communities; 4 = Trying to make our cities and countryside more beautiful; -1 = Don't know; -2 = No second answer; -3 = Not applicable (no first answer); -4 = Not asked,0 = Trying to make our cities and countryside more beautiful; 1 = Seeing that people have more say about how are done at their jobs and in their communities; 2 = Making sure this country has strong defence forces; 3 = A high level of economic growth,Custom recode in setup script; all unmatched responses and original negative missing codes are set to NA.,"Original negative missing/non-response codes (for example -1 Don't know, -2 No answer/refused, -4 Not asked, -5 Missing) are converted to NA before final output.",Q153-Aims of country: second choice,WVS Wave 7 Variables Report V6.0; Codebook manual coded index.xlsx; WVS_Wave7_Setup.R
Q154,POSTMATERIALIST INDEX,False,False,Not selected for display in Variable_Display_Logical.,factor,numeric,Most important political goal (first choice),Aims of respondent: first choice,"If you had to choose, which one of the things on this card would you say is most important?",,1 = Maintaining order in the nation; 2 = Giving people more say in important government decisions; 3 = Fighting rising prices; 4 = Protecting freedom of speech; -1 = Don't know; -2 = No answer; -4 = Not asked; -5 = Missing; Unknown,0 = Protecting freedom of speech; 1 = Fighting rising prices; 2 = Giving people more say in important government decisions; 3 = Maintaining order in the nation,Custom recode in setup script; all unmatched responses and original negative missing codes are set to NA.,"Original negative missing/non-response codes (for example -1 Don't know, -2 No answer/refused, -4 Not asked, -5 Missing) are converted to NA before final output.",Q154-Aims of respondent: first choice,WVS Wave 7 Variables Report V6.0; Codebook manual coded index.xlsx; WVS_Wave7_Setup.R
Q155,POSTMATERIALIST INDEX,False,False,Not selected for display in Variable_Display_Logical.,factor,numeric,Next most important political goal (second choice),Aims of respondent: second choice,And which would be the next most important?,,1 = Maintaining order in the nation; 2 = Giving people more say in important government decisions; 3 = Fighting rising prices; 4 = Protecting freedom of speech; -1 = Don't know; -2 = No answer; -3 = Not applicable; No first answer; -4 = Not asked; -5 = Missing; Unknown,0 = Protecting freedom of speech; 1 = Fighting rising prices; 2 = Giving people more say in important government decisions; 3 = Maintaining order in the nation,Custom recode in setup script; all unmatched responses and original negative missing codes are set to NA.,"Original negative missing/non-response codes (for example -1 Don't know, -2 No answer/refused, -4 Not asked, -5 Missing) are converted to NA before final output.",Q155-Aims of respondent: second choice,WVS Wave 7 Variables Report V6.0; Codebook manual coded index.xlsx; WVS_Wave7_Setup.R
Q156,POSTMATERIALIST INDEX,False,False,Not selected for display in Variable_Display_Logical.,factor,numeric,Most important societal goal (first choice),Most important: first choice,"Here is another list. In your opinion, which one of these is most important?",,1 = A stable economy; 2 = Progress toward a less impersonal and more humane society; 3 = Progress toward a society in which Ideas count more than money; 4 = The fight against crime; -1 = Don't know; -2 = No answer; -4 = Not asked; -5 = Missing; Unknown,0 = The fight against crime; 1 = Progress toward a society in which Ideas count more than money; 2 = Progress toward a less impersonal and more humane society; 3 = A stable economy,Custom recode in setup script; all unmatched responses and original negative missing codes are set to NA.,"Original negative missing/non-response codes (for example -1 Don't know, -2 No answer/refused, -4 Not asked, -5 Missing) are converted to NA before final output.",Q156-Most important: first choice,WVS Wave 7 Variables Report V6.0; Codebook manual coded index.xlsx; WVS_Wave7_Setup.R
Q157,POSTMATERIALIST INDEX,False,False,Not selected for display in Variable_Display_Logical.,factor,numeric,Next most important societal goal (second choice),Most important: second choice,"Here is another list. In your opinion, which one of these is most important? And what would be the next most important?",,1 = A stable economy; 2 = Progress toward a less impersonal and more humane society; 3 = Progress toward a society in which Ideas count more than money; 4 = The fight against crime; -1 = Don't know; -2 = No answer; -3 = Not applicable (Not first choice); -4 = Not asked; -5 = Missing; Unknown Perceptions about Science and Technology (Q158-Q163),0 = The fight against crime; 1 = Progress toward a society in which Ideas count more than money; 2 = Progress toward a less impersonal and more humane society; 3 = A stable economy,Custom recode in setup script; all unmatched responses and original negative missing codes are set to NA.,"Original negative missing/non-response codes (for example -1 Don't know, -2 No answer/refused, -4 Not asked, -5 Missing) are converted to NA before final output.",Q157-Most important: second choice,WVS Wave 7 Variables Report V6.0; Codebook manual coded index.xlsx; WVS_Wave7_Setup.R
Q158,SCIENCE & TECHNOLOGY,False,False,Not selected for display in Variable_Display_Logical.,integer,integer/numeric,Science and technology make life better,"Science and technology are making our lives healthier, easier, and more","comfortable Now, I would like to read some statements and ask how much you agree or disagree with each of these statements. For these questions, a 1 means that you ""completely disagree"" and a 10 means that you ""completely agree."" Science and technology are making our lives healthier, easier, and more comfortable","For these questions, a 1 means that you ""completely disagree"" and a 10 means that you ""completely agree.""",1 = Completely disagree; 2 = 2; 3 = 3; 4 = 4; 5 = 5; 6 = 6; 7 = 7; 8 = 8; 9 = 9; 10 = Completely agree; -1 = Don't know; -2 = No answer; -4 = Not asked; -5 = Missing; Not available,1 = Completely disagree; 2 = 2; 3 = 3; 4 = 4; 5 = 5; 6 = 6; 7 = 7; 8 = 8; 9 = 9; 10 = Completely agree,Original numeric values retained; all values below 0 are set to NA.,"Original negative missing/non-response codes (for example -1 Don't know, -2 No answer/refused, -4 Not asked, -5 Missing) are converted to NA before final output.","Q158-Science and technology are making our lives healthier, easier, and more",WVS Wave 7 Variables Report V6.0; Codebook manual coded index.xlsx; WVS_Wave7_Setup.R
Q159,SCIENCE & TECHNOLOGY,False,False,Not selected for display in Variable_Display_Logical.,integer,integer/numeric,More opportunities for next generation due to science,"Because of science and technology, there will be more opportunities for the next","generation Now, I would like to read some statements and ask how much you agree or disagree with each of these statements. For these questions, a 1 means that you ""completely disagree"" and a 10 means that you ""completely agree."" Because of science and technology, there will be more opportunities for the next generation","For these questions, a 1 means that you ""completely disagree"" and a 10 means that you ""completely agree.""",1 = Completely disagree; 2 = 2; 3 = 3; 4 = 4; 5 = 5; 6 = 6; 7 = 7; 8 = 8; 9 = 9; 10 = Completely agree; -1 = Don't know; -2 = No answer; -4 = Not asked; -5 = Missing; Unknown,1 = Completely disagree; 2 = 2; 3 = 3; 4 = 4; 5 = 5; 6 = 6; 7 = 7; 8 = 8; 9 = 9; 10 = Completely agree,Original numeric values retained; all values below 0 are set to NA.,"Original negative missing/non-response codes (for example -1 Don't know, -2 No answer/refused, -4 Not asked, -5 Missing) are converted to NA before final output.","Q159-Because of science and technology, there will be more opportunities for the next",WVS Wave 7 Variables Report V6.0; Codebook manual coded index.xlsx; WVS_Wave7_Setup.R
Q160,SCIENCE & TECHNOLOGY,False,False,Not selected for display in Variable_Display_Logical.,integer,integer/numeric,Dependence on science vs. faith,We depend too much on science and not enough on faith,"Now, I would like to read some statements and ask how much you agree or disagree with each of these statements. For these questions, a 1 means that you ""completely disagree"" and a 10 means that you ""completely agree."" We depend too much on science and not enough on faith","For these questions, a 1 means that you ""completely disagree"" and a 10 means that you ""completely agree.""",1 = Completely disagree; 2 = 2; 3 = 3; 4 = 4; 5 = 5; 6 = 6; 7 = 7; 8 = 8; 9 = 9; 10 = Completely agree; -1 = Don't know; -2 = No answer; -4 = Not asked; -5 = Missing; Unknown,1 = Completely disagree; 2 = 2; 3 = 3; 4 = 4; 5 = 5; 6 = 6; 7 = 7; 8 = 8; 9 = 9; 10 = Completely agree,Original numeric values retained; all values below 0 are set to NA.,"Original negative missing/non-response codes (for example -1 Don't know, -2 No answer/refused, -4 Not asked, -5 Missing) are converted to NA before final output.",Q160-We depend too much on science and not enough on faith,WVS Wave 7 Variables Report V6.0; Codebook manual coded index.xlsx; WVS_Wave7_Setup.R
Q161,SCIENCE & TECHNOLOGY,False,False,Not selected for display in Variable_Display_Logical.,integer,integer/numeric,Science breaks down people's ideas of right and wrong,One of the bad effects of science is that it breaks down people's ideas of right and,"wrong Now, I would like to read some statements and ask how much you agree or disagree with each of these statements. For these questions, a 1 means that you ""completely disagree"" and a 10 means that you ""completely agree"": One of the bad effects of science is that it breaks down people's ideas of right and wrong","For these questions, a 1 means that you ""completely disagree"" and a 10 means that you ""completely agree.""",1 = Completely disagree; 2 = 2; 3 = 3; 4 = 4; 5 = 5; 6 = 6; 7 = 7; 8 = 8; 9 = 9; 10 = Completely agree; -1 = Don't know; -2 = No answer; -4 = Not asked; -5 = Missing; Not available,1 = Completely disagree; 2 = 2; 3 = 3; 4 = 4; 5 = 5; 6 = 6; 7 = 7; 8 = 8; 9 = 9; 10 = Completely agree,Original numeric values retained; all values below 0 are set to NA.,"Original negative missing/non-response codes (for example -1 Don't know, -2 No answer/refused, -4 Not asked, -5 Missing) are converted to NA before final output.",Q161-One of the bad effects of science is that it breaks down people's ideas of right and,WVS Wave 7 Variables Report V6.0; Codebook manual coded index.xlsx; WVS_Wave7_Setup.R
Q162,SCIENCE & TECHNOLOGY,False,False,Not selected for display in Variable_Display_Logical.,integer,integer/numeric,Importance of knowing about science in daily life,It is not important for me to know about science in my daily life,"Now, I would like to read some statements and ask how much you agree or disagree with each of these statements. For these questions, a 1 means that you ""completely disagree"" and a 10 means that you ""completely agree"": It is not important for me to know about science in my daily life","For these questions, a 1 means that you ""completely disagree"" and a 10 means that you ""completely agree.""",1 = Completely disagree; 2 = 2; 3 = 3; 4 = 4; 5 = 5; 6 = 6; 7 = 7; 8 = 8; 9 = 9; 10 = Completely agree; -1 = Don't know; -2 = No answer; -4 = Not asked; -5 = Missing; Not available,1 = Completely disagree; 2 = 2; 3 = 3; 4 = 4; 5 = 5; 6 = 6; 7 = 7; 8 = 8; 9 = 9; 10 = Completely agree,Original numeric values retained; all values below 0 are set to NA.,"Original negative missing/non-response codes (for example -1 Don't know, -2 No answer/refused, -4 Not asked, -5 Missing) are converted to NA before final output.",Q162-It is not important for me to know about science in my daily life,WVS Wave 7 Variables Report V6.0; Codebook manual coded index.xlsx; WVS_Wave7_Setup.R
Q163,SCIENCE & TECHNOLOGY,False,False,Not selected for display in Variable_Display_Logical.,integer,integer/numeric,World better or worse off because of science and technology,"The world is better off, or worse off, because of science and technology","All things considered, would you say that the world is better off, or worse off, because of science and technology? Please tell me which comes closest to your view on this scale: 1 means that ""the world is a lot worse off,"" and 10 means that ""the world is a lot better off."" The world is better off, or worse off, because of science and technology","Please tell me which comes closest to your view on this scale: 1 means that ""the world is a lot worse off,"" and 10 means that ""the world is a lot better off.""",1 = A lot worse off; 2 = 2; 3 = 3; 4 = 4; 5 = 5; 6 = 6; 7 = 7; 8 = 8; 9 = 9; 10 = A lot better off; -1 = Don't know; -2 = No answer; -4 = Not asked; -5 = Missing; Unknown Religious Values (Q164-Q175),1 = A lot worse off; 2 = 2; 3 = 3; 4 = 4; 5 = 5; 6 = 6; 7 = 7; 8 = 8; 9 = 9; 10 = A lot better off,Original numeric values retained; all values below 0 are set to NA.,"Original negative missing/non-response codes (for example -1 Don't know, -2 No answer/refused, -4 Not asked, -5 Missing) are converted to NA before final output.","Q163-The world is better off, or worse off, because of science and technology",WVS Wave 7 Variables Report V6.0; Codebook manual coded index.xlsx; WVS_Wave7_Setup.R
Q164,RELIGIOUS VALUES,False,False,Not selected for display in Variable_Display_Logical.,integer,integer/numeric,Importance of God in your life,Importance of God,"How important is God in your life?. Please use this scale to indicate. 10 means ""very important"" and 1 means ""not at all important"".","10 means ""very important"" and 1 means ""not at all important.""",1 = Not at all important; 2 = 2; 3 = 3; 4 = 4; 5 = 5; 6 = 6; 7 = 7; 8 = 8; 9 = 9; 10 = Very important; -1 = Don't know; -2 = No answer; -4 = Not asked in survey; -5 = Missing,1 = Not at all important; 2 = 2; 3 = 3; 4 = 4; 5 = 5; 6 = 6; 7 = 7; 8 = 8; 9 = 9; 10 = Very important,Original numeric values retained; all values below 0 are set to NA.,"Original negative missing/non-response codes (for example -1 Don't know, -2 No answer/refused, -4 Not asked, -5 Missing) are converted to NA before final output.",Q164-Importance of God,WVS Wave 7 Variables Report V6.0; Codebook manual coded index.xlsx; WVS_Wave7_Setup.R
Q169,RELIGIOUS VALUES,False,False,Not selected for display in Variable_Display_Logical.,factor_ordered,ordered numeric in indiv_ordinal; ordered factor in intermediate indiv,"When science and religion conflict, religion is always right","Whenever science and religion conflict, religion is always right","Please tell us if you strongly agree, agree, disagree, or strongly disagree with the following statements: Whenever science and religion conflict, religion is always right",,1 = Strongly agree; 2 = Agree; 3 = Disagree; 4 = Strongly disagree; -1 = Don't know; -2 = No answer; -4 = Not asked; -5 = Missing; Not available,1 = Strongly agree (original 1); 2 = Agree (original 2); 3 = Disagree (original 3); 4 = Strongly disagree (original 4),"Haven labelled values converted to an ordered factor, then ordered factors are converted to ordinal integers with negative missing codes set to NA.","Original negative missing/non-response codes (for example -1 Don't know, -2 No answer/refused, -4 Not asked, -5 Missing) are converted to NA before final output.","Q169-Whenever science and religion conflict, religion is always right",WVS Wave 7 Variables Report V6.0; Codebook manual coded index.xlsx; WVS_Wave7_Setup.R
Q170,RELIGIOUS VALUES,False,False,Not selected for display in Variable_Display_Logical.,factor_ordered,ordered numeric in indiv_ordinal; ordered factor in intermediate indiv,The only acceptable religion is my religion,The only acceptable religion is my religion,"Please tell us if you strongly agree, agree, disagree, or strongly disagree with the following statements: The only acceptable religion is my religion",,1 = Strongly agree; 2 = Agree; 3 = Disagree; 4 = Strongly disagree; -1 = Don't know; -2 = No answer; -4 = Not asked; -5 = Missing; Not available,1 = Strongly agree (original 1); 2 = Agree (original 2); 3 = Disagree (original 3); 4 = Strongly disagree (original 4),"Haven labelled values converted to an ordered factor, then ordered factors are converted to ordinal integers with negative missing codes set to NA.","Original negative missing/non-response codes (for example -1 Don't know, -2 No answer/refused, -4 Not asked, -5 Missing) are converted to NA before final output.",Q170-The only acceptable religion is my religion,WVS Wave 7 Variables Report V6.0; Codebook manual coded index.xlsx; WVS_Wave7_Setup.R
Q171,RELIGIOUS VALUES,False,False,Not selected for display in Variable_Display_Logical.,factor_ordered,ordered numeric in indiv_ordinal; ordered factor in intermediate indiv,Frequency of attending religious services,How often do you attend religious services,"Apart from weddings, funerals and christenings, about how often do you attend religious services these days?",,"1 = More than once a week; 2 = Once a week; 3 = Once a month; 4 = Only on special holy days; 5 = Once a year; 6 = Less often; 7 = Never, practically never; -1 = Don't know; -2 = No answer; -4 = Not asked; -5 = Missing; Not available","1 = More than once a week (original 1); 2 = Once a week (original 2); 3 = Once a month (original 3); 4 = Only on special holy days (original 4); 5 = Once a year (original 5); 6 = Less often (original 6); 7 = Never, practically never (original 7)","Haven labelled values converted to an ordered factor, then ordered factors are converted to ordinal integers with negative missing codes set to NA.","Original negative missing/non-response codes (for example -1 Don't know, -2 No answer/refused, -4 Not asked, -5 Missing) are converted to NA before final output.",Q171-How often do you attend religious services,WVS Wave 7 Variables Report V6.0; Codebook manual coded index.xlsx; WVS_Wave7_Setup.R
Q172,RELIGIOUS VALUES,False,False,Not selected for display in Variable_Display_Logical.,factor_ordered,ordered numeric in indiv_ordinal; ordered factor in intermediate indiv,Frequency of prayer,How often to you pray,"Apart from weddings and funerals, about how often do you pray?",,"1 = Several times a day; 2 = Once a day; 3 = Several times each week; 4 = Only when attending religious services; 5 = Only on special holy days; 6 = Once a year; 7 = Less often; 8 = Never, practically never; -1 = Don't know; -2 = No answer; -4 = Not asked; -5 = Missing; Not available","1 = Several times a day (original 1); 2 = Once a day (original 2); 3 = Several times each week (original 3); 4 = Only when attending religious services (original 4); 5 = Only on special holy days (original 5); 6 = Once a year (original 6); 7 = Less often (original 7); 8 = Never, practically never (original 8)","Haven labelled values converted to an ordered factor, then ordered factors are converted to ordinal integers with negative missing codes set to NA.","Original negative missing/non-response codes (for example -1 Don't know, -2 No answer/refused, -4 Not asked, -5 Missing) are converted to NA before final output.",Q172-How often to you pray,WVS Wave 7 Variables Report V6.0; Codebook manual coded index.xlsx; WVS_Wave7_Setup.R
Q173,RELIGIOUS VALUES,False,False,Not selected for display in Variable_Display_Logical.,factor,numeric,"Religious person, not religious, or atheist",Religious person,"Independently of whether you go to church or not, would you say you are…",,1 = A religious person; 2 = Not a religious person; 3 = An atheist; -1 = Don't know; -2 = No answer; -4 = Not asked; -5 = Missing; Not available,-1 = An atheist; 0 = Not a religious person; 1 = A religious person,Custom recode in setup script; all unmatched responses and original negative missing codes are set to NA.,"Original negative missing/non-response codes (for example -1 Don't know, -2 No answer/refused, -4 Not asked, -5 Missing) are converted to NA before final output.",Q173-Religious person,WVS Wave 7 Variables Report V6.0; Codebook manual coded index.xlsx; WVS_Wave7_Setup.R
Q174,RELIGIOUS VALUES,False,False,Not selected for display in Variable_Display_Logical.,factor,numeric,Basic meaning of religion: following norms or doing good to others,Meaning of religion: To follow religious norms and ceremonies vs To do good to,other people With which one of the following statements do you agree most? The meaning of religion is…,,1 = Follow religious norms and ceremonies; 2 = Do good to other people; -1 = Don't know; -2 = No answer; -4 = Not asked; -5 = Missing; Not available,0 = Do good to other people; 1 = Follow religious norms and ceremonies,Custom recode in setup script; all unmatched responses and original negative missing codes are set to NA.,"Original negative missing/non-response codes (for example -1 Don't know, -2 No answer/refused, -4 Not asked, -5 Missing) are converted to NA before final output.",Q174-Meaning of religion: To follow religious norms and ceremonies vs To do good to,WVS Wave 7 Variables Report V6.0; Codebook manual coded index.xlsx; WVS_Wave7_Setup.R
Q175,RELIGIOUS VALUES,False,False,Not selected for display in Variable_Display_Logical.,factor,numeric,Basic meaning of religion: life after death or in this world,Meaning of religion: To make sense of life after death vs To make sense of life in,this world And with which of the following statements do you agree most? The meaning of religion is…,,1 = Make sense of life after death; 2 = Make sense of life in this world; -1 = Don't know; -2 = No answer; -4 = Not asked; -5 = Missing; Not available Ethical Values (Q176-Q198),0 = Make sense of life in this world; 1 = Make sense of life after death,Custom recode in setup script; all unmatched responses and original negative missing codes are set to NA.,"Original negative missing/non-response codes (for example -1 Don't know, -2 No answer/refused, -4 Not asked, -5 Missing) are converted to NA before final output.",Q175-Meaning of religion: To make sense of life after death vs To make sense of life in,WVS Wave 7 Variables Report V6.0; Codebook manual coded index.xlsx; WVS_Wave7_Setup.R
Q176,ETHICAL VALUES AND NORMS,False,False,Not selected for display in Variable_Display_Logical.,integer,integer/numeric,Difficulty deciding which moral rules to follow,Degree of agreement: Nowadays one often has trouble deciding which moral rules,are the right ones to follow How much do you agree or disagree with the statement that nowadays one often has trouble deciding which moral rules are the right ones to follow?,"1 = Completely agree, 10 = Completely disagree",1 = Completely agree; 2 = 2; 3 = 3; 4 = 4; 5 = 5; 6 = 6; 7 = 7; 8 = 8; 9 = 9; 10 = Completely disagree; -1 = Don't know; -2 = No answer; -4 = Not asked; -5 = Missing; Not available,1 = Completely agree; 2 = 2; 3 = 3; 4 = 4; 5 = 5; 6 = 6; 7 = 7; 8 = 8; 9 = 9; 10 = Completely disagree,Original numeric values retained; all values below 0 are set to NA.,"Original negative missing/non-response codes (for example -1 Don't know, -2 No answer/refused, -4 Not asked, -5 Missing) are converted to NA before final output.",Q176-Degree of agreement: Nowadays one often has trouble deciding which moral rules,WVS Wave 7 Variables Report V6.0; Codebook manual coded index.xlsx; WVS_Wave7_Setup.R
Q196,ETHICAL VALUES AND NORMS,False,False,Not selected for display in Variable_Display_Logical.,factor_ordered,ordered numeric in indiv_ordinal; ordered factor in intermediate indiv,Right of government to keep people under video surveillance,Government has the right: Keep people under video surveillance in public areas,Do you think this country's government should or should not have the right to do the following: Keep people under video surveillance in public areas,,1 = Definitely should have the right; 2 = Probably should have the right; 3 = Probably should not have the right; 4 = Definitely should not have the right; -1 = Don't know; -2 = No answer; -4 = Not asked; -5 = Missing; Not available,1 = Definitely should have the right (original 1); 2 = Probably should have the right (original 2); 3 = Probably should not have the right (original 3); 4 = Definitely should not have the right (original 4),"Haven labelled values converted to an ordered factor, then ordered factors are converted to ordinal integers with negative missing codes set to NA.","Original negative missing/non-response codes (for example -1 Don't know, -2 No answer/refused, -4 Not asked, -5 Missing) are converted to NA before final output.",Q196-Government has the right: Keep people under video surveillance in public areas,WVS Wave 7 Variables Report V6.0; Codebook manual coded index.xlsx; WVS_Wave7_Setup.R
Q197,ETHICAL VALUES AND NORMS,False,False,Not selected for display in Variable_Display_Logical.,factor_ordered,ordered numeric in indiv_ordinal; ordered factor in intermediate indiv,Right of government to monitor all internet information,Government has the right: Monitor all e-mails and any other information,exchanged on the Internet Do you think this country's government should or should not have the right to do the following: Monitor all emails and any other information exchanged on the Internet,,1 = Definitely should have the right; 2 = Probably should have the right; 3 = Probably should not have the right; 4 = Definitely should not have the right; -1 = Don't know; -2 = No answer; -4 = Not asked; -5 = Missing; Not available,1 = Definitely should have the right (original 1); 2 = Probably should have the right (original 2); 3 = Probably should not have the right (original 3); 4 = Definitely should not have the right (original 4),"Haven labelled values converted to an ordered factor, then ordered factors are converted to ordinal integers with negative missing codes set to NA.","Original negative missing/non-response codes (for example -1 Don't know, -2 No answer/refused, -4 Not asked, -5 Missing) are converted to NA before final output.",Q197-Government has the right: Monitor all e-mails and any other information,WVS Wave 7 Variables Report V6.0; Codebook manual coded index.xlsx; WVS_Wave7_Setup.R
Q198,ETHICAL VALUES AND NORMS,False,False,Not selected for display in Variable_Display_Logical.,factor_ordered,ordered numeric in indiv_ordinal; ordered factor in intermediate indiv,Right of government to collect information without knowledge,Government has the right: Collect information about anyone living in this,country without their knowledge Do you think that this country's government should or should not have the right to do the following: Collect information about anyone living in this country without their knowledge,,1 = Definitely should have the right; 2 = Probably should have the right; 3 = Probably should not have the right; 4 = Definitely should not have the right; -1 = Don't know; -2 = No answer; -4 = Not asked; -5 = Missing; Not available Political Interest and Political Participation (Q199-Q234),1 = Definitely should have the right (original 1); 2 = Probably should have the right (original 2); 3 = Probably should not have the right (original 3); 4 = Definitely should not have the right (original 4),"Haven labelled values converted to an ordered factor, then ordered factors are converted to ordinal integers with negative missing codes set to NA.","Original negative missing/non-response codes (for example -1 Don't know, -2 No answer/refused, -4 Not asked, -5 Missing) are converted to NA before final output.",Q198-Government has the right: Collect information about anyone living in this,WVS Wave 7 Variables Report V6.0; Codebook manual coded index.xlsx; WVS_Wave7_Setup.R
Q199,POLITICAL INTEREST & POLITICAL PARTICIPATION,False,False,Not selected for display in Variable_Display_Logical.,factor_ordered,ordered numeric in indiv_ordinal; ordered factor in intermediate indiv,Interest in politics,Interest in politics,How interested would you say you are in politics?,,1 = Very interested; 2 = Somewhat interested; 3 = Not very interested; 4 = Not at all interested; -1 = Don't know; -2 = No answer; -4 = Not asked; -5 = Missing; Not available,1 = Very interested (original 1); 2 = Somewhat interested (original 2); 3 = Not very interested (original 3); 4 = Not at all interested (original 4),"Haven labelled values converted to an ordered factor, then ordered factors are converted to ordinal integers with negative missing codes set to NA.","Original negative missing/non-response codes (for example -1 Don't know, -2 No answer/refused, -4 Not asked, -5 Missing) are converted to NA before final output.",Q199-Interest in politics,WVS Wave 7 Variables Report V6.0; Codebook manual coded index.xlsx; WVS_Wave7_Setup.R
Q200,POLITICAL INTEREST & POLITICAL PARTICIPATION,False,False,Not selected for display in Variable_Display_Logical.,factor_ordered,ordered numeric in indiv_ordinal; ordered factor in intermediate indiv,Discussion of political matters with friends,How often discusses political matters with friends,"When you get together with your friends, would you say you discuss political matters frequently, occasionally or never?",,1 = Frequently; 2 = Occasionally; 3 = Never; -1 = Don't know; -2 = No answer; -4 = Not asked; -5 = Missing; Unknown,1 = Frequently (original 1); 2 = Occasionally (original 2); 3 = Never (original 3),"Haven labelled values converted to an ordered factor, then ordered factors are converted to ordinal integers with negative missing codes set to NA.","Original negative missing/non-response codes (for example -1 Don't know, -2 No answer/refused, -4 Not asked, -5 Missing) are converted to NA before final output.",Q200-How often discusses political matters with friends,WVS Wave 7 Variables Report V6.0; Codebook manual coded index.xlsx; WVS_Wave7_Setup.R
Q201,POLITICAL INTEREST & POLITICAL PARTICIPATION,False,False,Not selected for display in Variable_Display_Logical.,factor_ordered,ordered numeric in indiv_ordinal; ordered factor in intermediate indiv,Use of daily newspaper for information,Information source: Daily newspaper,"People learn what is going on in this country and the world from various sources. For each of the following sources, please indicate whether you use it to obtain information daily, weekly, monthly, less than monthly or never: Daily newspaper",,1 = Daily; 2 = Weekly; 3 = Monthly; 4 = Less than monthly; 5 = Never; -1 = Don't know; -2 = No answer; -4 = Not asked; -5 = Missing; Not available,1 = Daily (original 1); 2 = Weekly (original 2); 3 = Monthly (original 3); 4 = Less than monthly (original 4); 5 = Never (original 5),"Haven labelled values converted to an ordered factor, then ordered factors are converted to ordinal integers with negative missing codes set to NA.","Original negative missing/non-response codes (for example -1 Don't know, -2 No answer/refused, -4 Not asked, -5 Missing) are converted to NA before final output.",Q201-Information source: Daily newspaper,WVS Wave 7 Variables Report V6.0; Codebook manual coded index.xlsx; WVS_Wave7_Setup.R
Q202,POLITICAL INTEREST & POLITICAL PARTICIPATION,False,False,Not selected for display in Variable_Display_Logical.,factor_ordered,ordered numeric in indiv_ordinal; ordered factor in intermediate indiv,Use of TV news for information,Information source: TV news,"People learn what is going on in this country and the world from various sources. For each of the following sources, please indicate whether you use it to obtain information daily, weekly, monthly, less than monthly or never: TV news",,1 = Daily; 2 = Weekly; 3 = Monthly; 4 = Less than monthly; 5 = Never; -1 = Don't know; -2 = No answer; -3 = Not applicable; -4 = Not asked; -5 = Missing; Not available,1 = Daily (original 1); 2 = Weekly (original 2); 3 = Monthly (original 3); 4 = Less than monthly (original 4); 5 = Never (original 5),"Haven labelled values converted to an ordered factor, then ordered factors are converted to ordinal integers with negative missing codes set to NA.","Original negative missing/non-response codes (for example -1 Don't know, -2 No answer/refused, -4 Not asked, -5 Missing) are converted to NA before final output.",Q202-Information source: TV news,WVS Wave 7 Variables Report V6.0; Codebook manual coded index.xlsx; WVS_Wave7_Setup.R
Q203,POLITICAL INTEREST & POLITICAL PARTICIPATION,False,False,Not selected for display in Variable_Display_Logical.,factor_ordered,ordered numeric in indiv_ordinal; ordered factor in intermediate indiv,Use of radio news for information,Information source: Radio news,"People learn what is going on in this country and the world from various sources. For each of the following sources, please indicate whether you use it to obtain information daily, weekly, monthly, less than monthly or never: Radio news",,1 = Daily; 2 = Weekly; 3 = Monthly; 4 = Less than monthly; 5 = Never; -1 = Don't know; -2 = No answer; -4 = Not asked; -5 = Missing; Not available,1 = Daily (original 1); 2 = Weekly (original 2); 3 = Monthly (original 3); 4 = Less than monthly (original 4); 5 = Never (original 5),"Haven labelled values converted to an ordered factor, then ordered factors are converted to ordinal integers with negative missing codes set to NA.","Original negative missing/non-response codes (for example -1 Don't know, -2 No answer/refused, -4 Not asked, -5 Missing) are converted to NA before final output.",Q203-Information source: Radio news,WVS Wave 7 Variables Report V6.0; Codebook manual coded index.xlsx; WVS_Wave7_Setup.R
Q204,POLITICAL INTEREST & POLITICAL PARTICIPATION,False,False,Not selected for display in Variable_Display_Logical.,factor_ordered,ordered numeric in indiv_ordinal; ordered factor in intermediate indiv,Use of mobile phone for information,Information source: Mobile phone,"People learn what is going on in this country and the world from various sources. For each of the following sources, please indicate whether you use it to obtain information daily, weekly, monthly, less than monthly or never: Mobile phone",,1 = Daily; 2 = Weekly; 3 = Monthly; 4 = Less than monthly; 5 = Never; -1 = Don't know; -2 = No answer; -4 = Not asked; -5 = Missing; Not available,1 = Daily (original 1); 2 = Weekly (original 2); 3 = Monthly (original 3); 4 = Less than monthly (original 4); 5 = Never (original 5),"Haven labelled values converted to an ordered factor, then ordered factors are converted to ordinal integers with negative missing codes set to NA.","Original negative missing/non-response codes (for example -1 Don't know, -2 No answer/refused, -4 Not asked, -5 Missing) are converted to NA before final output.",Q204-Information source: Mobile phone,WVS Wave 7 Variables Report V6.0; Codebook manual coded index.xlsx; WVS_Wave7_Setup.R
Q205,POLITICAL INTEREST & POLITICAL PARTICIPATION,False,False,Not selected for display in Variable_Display_Logical.,factor_ordered,ordered numeric in indiv_ordinal; ordered factor in intermediate indiv,Use of email for information,Information source: Email,"People learn what is going on in this country and the world from various sources. For each of the following sources, please indicate whether you use it to obtain information daily, weekly, monthly, less than monthly or never: Email",,1 = Daily; 2 = Weekly; 3 = Monthly; 4 = Less than monthly; 5 = Never; -1 = Don't know; -2 = No answer; -4 = Not asked; -5 = Missing; Not available,1 = Daily (original 1); 2 = Weekly (original 2); 3 = Monthly (original 3); 4 = Less than monthly (original 4); 5 = Never (original 5),"Haven labelled values converted to an ordered factor, then ordered factors are converted to ordinal integers with negative missing codes set to NA.","Original negative missing/non-response codes (for example -1 Don't know, -2 No answer/refused, -4 Not asked, -5 Missing) are converted to NA before final output.",Q205-Information source: Email,WVS Wave 7 Variables Report V6.0; Codebook manual coded index.xlsx; WVS_Wave7_Setup.R
Q206,POLITICAL INTEREST & POLITICAL PARTICIPATION,False,False,Not selected for display in Variable_Display_Logical.,factor_ordered,ordered numeric in indiv_ordinal; ordered factor in intermediate indiv,Use of internet for information,Information source: Internet,"People learn what is going on in this country and the world from various sources. For each of the following sources, please indicate whether you use it to obtain information daily, weekly, monthly, less than monthly or never: Internet",,1 = Daily; 2 = Weekly; 3 = Monthly; 4 = Less than monthly; 5 = Never; -1 = Don't know; -2 = No answer; -4 = Not asked; -5 = Missing; Not available,1 = Daily (original 1); 2 = Weekly (original 2); 3 = Monthly (original 3); 4 = Less than monthly (original 4); 5 = Never (original 5),"Haven labelled values converted to an ordered factor, then ordered factors are converted to ordinal integers with negative missing codes set to NA.","Original negative missing/non-response codes (for example -1 Don't know, -2 No answer/refused, -4 Not asked, -5 Missing) are converted to NA before final output.",Q206-Information source: Internet,WVS Wave 7 Variables Report V6.0; Codebook manual coded index.xlsx; WVS_Wave7_Setup.R
Q207,POLITICAL INTEREST & POLITICAL PARTICIPATION,False,False,Not selected for display in Variable_Display_Logical.,factor_ordered,ordered numeric in indiv_ordinal; ordered factor in intermediate indiv,"Use of social media (Facebook, Twitter, etc.) for information","Information source: Social media (Facebook, Twitter, etc.)","People learn what is going on in this country and the world from various sources. For each of the following sources, please indicate whether you use it to obtain information daily, weekly, monthly, less than monthly or never: Social media (Facebook, Twitter, etc.)",,1 = Daily; 2 = Weekly; 3 = Monthly; 4 = Less than monthly; 5 = Never; -1 = Don't know; -2 = No answer; -4 = Not asked; -5 = Missing; Not available,1 = Daily (original 1); 2 = Weekly (original 2); 3 = Monthly (original 3); 4 = Less than monthly (original 4); 5 = Never (original 5),"Haven labelled values converted to an ordered factor, then ordered factors are converted to ordinal integers with negative missing codes set to NA.","Original negative missing/non-response codes (for example -1 Don't know, -2 No answer/refused, -4 Not asked, -5 Missing) are converted to NA before final output.","Q207-Information source: Social media (Facebook, Twitter, etc.)",WVS Wave 7 Variables Report V6.0; Codebook manual coded index.xlsx; WVS_Wave7_Setup.R
Q208,POLITICAL INTEREST & POLITICAL PARTICIPATION,False,False,Not selected for display in Variable_Display_Logical.,factor_ordered,ordered numeric in indiv_ordinal; ordered factor in intermediate indiv,Use of talks with friends or colleagues for information,Information source: Talk with friends or colleagues,"People learn what is going on in this country and the world from various sources. For each of the following sources, please indicate whether you use it to obtain information daily, weekly, monthly, less than monthly or never: Talk with friends or colleagues",,1 = Daily; 2 = Weekly; 3 = Monthly; 4 = Less than monthly; 5 = Never; -1 = Don't know; -2 = No answer; -4 = Not asked; -5 = Missing; Not available,1 = Daily (original 1); 2 = Weekly (original 2); 3 = Monthly (original 3); 4 = Less than monthly (original 4); 5 = Never (original 5),"Haven labelled values converted to an ordered factor, then ordered factors are converted to ordinal integers with negative missing codes set to NA.","Original negative missing/non-response codes (for example -1 Don't know, -2 No answer/refused, -4 Not asked, -5 Missing) are converted to NA before final output.",Q208-Information source: Talk with friends or colleagues,WVS Wave 7 Variables Report V6.0; Codebook manual coded index.xlsx; WVS_Wave7_Setup.R
Q209,POLITICAL INTEREST & POLITICAL PARTICIPATION,False,False,Not selected for display in Variable_Display_Logical.,factor_ordered,ordered numeric in indiv_ordinal; ordered factor in intermediate indiv,Engagement in signing a petition,Political action: Signing a petition,"Now I'd like you to look at this card. I'm going to read out some different forms of political action that people can take, and I'd like you to tell me, for each one, whether you have actually done any of these things, whether you might do it or would never, under any circumstances, do it. Signing a petition",,1 = Have done; 2 = Might do; 3 = Would never do; -1 = Don't know; -2 = No answer; -4 = Not asked in survey; -5 = Missing; Not available,1 = Have done (original 1); 2 = Might do (original 2); 3 = Would never do (original 3),"Haven labelled values converted to an ordered factor, then ordered factors are converted to ordinal integers with negative missing codes set to NA.","Original negative missing/non-response codes (for example -1 Don't know, -2 No answer/refused, -4 Not asked, -5 Missing) are converted to NA before final output.",Q209-Political action: Signing a petition,WVS Wave 7 Variables Report V6.0; Codebook manual coded index.xlsx; WVS_Wave7_Setup.R
Q210,POLITICAL INTEREST & POLITICAL PARTICIPATION,False,False,Not selected for display in Variable_Display_Logical.,factor_ordered,ordered numeric in indiv_ordinal; ordered factor in intermediate indiv,Engagement in joining boycotts,Political action: joining in boycotts,"Now I'd like you to look at this card. I'm going to read out some different forms of political action that people can take, and I'd like you to tell me, for each one, whether you have actually done any of these things, whether you might do it or would never, under any circumstances, do it. Joining in boycotts",,1 = Have done; 2 = Might do; 3 = Would never do; -1 = Don't know; -2 = No answer; -4 = Not asked; -5 = Missing; Not available,1 = Have done (original 1); 2 = Might do (original 2); 3 = Would never do (original 3),"Haven labelled values converted to an ordered factor, then ordered factors are converted to ordinal integers with negative missing codes set to NA.","Original negative missing/non-response codes (for example -1 Don't know, -2 No answer/refused, -4 Not asked, -5 Missing) are converted to NA before final output.",Q210-Political action: joining in boycotts,WVS Wave 7 Variables Report V6.0; Codebook manual coded index.xlsx; WVS_Wave7_Setup.R
Q211,POLITICAL INTEREST & POLITICAL PARTICIPATION,False,False,Not selected for display in Variable_Display_Logical.,factor_ordered,ordered numeric in indiv_ordinal; ordered factor in intermediate indiv,Engagement in attending peaceful demonstrations,Political action: attending lawful/peaceful demonstrations,"Now I'd like you to look at this card. I'm going to read out some different forms of political action that people can take, and I'd like you to tell me, for each one, whether you have actually done any of these things, whether you might do it or would never, under any circumstances, do it. Attending peaceful demonstrations",,1 = Have done; 2 = Might do; 3 = Would never do; -1 = Don't know; -2 = No answer; -4 = Not asked; -5 = Missing; Not available,1 = Have done (original 1); 2 = Might do (original 2); 3 = Would never do (original 3),"Haven labelled values converted to an ordered factor, then ordered factors are converted to ordinal integers with negative missing codes set to NA.","Original negative missing/non-response codes (for example -1 Don't know, -2 No answer/refused, -4 Not asked, -5 Missing) are converted to NA before final output.",Q211-Political action: attending lawful/peaceful demonstrations,WVS Wave 7 Variables Report V6.0; Codebook manual coded index.xlsx; WVS_Wave7_Setup.R
Q212,POLITICAL INTEREST & POLITICAL PARTICIPATION,False,False,Not selected for display in Variable_Display_Logical.,factor_ordered,ordered numeric in indiv_ordinal; ordered factor in intermediate indiv,Engagement in joining strikes,Political action: joining unofficial strikes,"Now I'd like you to look at this card. I'm going to read out some different forms of political action that people can take, and I'd like you to tell me, for each one, whether you have actually done any of these things, whether you might do it or would never, under any circumstances, do it. Joining strikes",,1 = Have done; 2 = Might do; 3 = Would never do; -1 = Don't know; -2 = No answer; -4 = Not asked; -5 = Missing; Unknown,1 = Have done (original 1); 2 = Might do (original 2); 3 = Would never do (original 3),"Haven labelled values converted to an ordered factor, then ordered factors are converted to ordinal integers with negative missing codes set to NA.","Original negative missing/non-response codes (for example -1 Don't know, -2 No answer/refused, -4 Not asked, -5 Missing) are converted to NA before final output.",Q212-Political action: joining unofficial strikes,WVS Wave 7 Variables Report V6.0; Codebook manual coded index.xlsx; WVS_Wave7_Setup.R
Q213,POLITICAL INTEREST & POLITICAL PARTICIPATION,False,False,Not selected for display in Variable_Display_Logical.,factor_ordered,ordered numeric in indiv_ordinal; ordered factor in intermediate indiv,Engagement in donating to a group or campaign,Social activism: Donating to a group or campaign,"What about these forms of political action and social activism that people can take?. Please, tell me for each of them if you have done any of these things, whether you might do it or would never under any circumstances do it: Donating to a group or campaign",,1 = Have done; 2 = Might do; 3 = Would never do; -1 = Don't know; -2 = No answer; -4 = Not asked; -5 = Missing; Not available,1 = Have done (original 1); 2 = Might do (original 2); 3 = Would never do (original 3),"Haven labelled values converted to an ordered factor, then ordered factors are converted to ordinal integers with negative missing codes set to NA.","Original negative missing/non-response codes (for example -1 Don't know, -2 No answer/refused, -4 Not asked, -5 Missing) are converted to NA before final output.",Q213-Social activism: Donating to a group or campaign,WVS Wave 7 Variables Report V6.0; Codebook manual coded index.xlsx; WVS_Wave7_Setup.R
Q214,POLITICAL INTEREST & POLITICAL PARTICIPATION,False,False,Not selected for display in Variable_Display_Logical.,factor_ordered,ordered numeric in indiv_ordinal; ordered factor in intermediate indiv,Engagement in contacting a government official,Social activism: Contacting a government official,"What about these forms of political action and social activism that people can take?. Please, tell me for each of them if you have done any of these things, whether you might do it or would never under any circumstances do it: Contacting a government official",,1 = Have done; 2 = Might do; 3 = Would never do; -1 = Don't know; -2 = No answer; -4 = Not asked; -5 = Missing; Not available,1 = Have done (original 1); 2 = Might do (original 2); 3 = Would never do (original 3),"Haven labelled values converted to an ordered factor, then ordered factors are converted to ordinal integers with negative missing codes set to NA.","Original negative missing/non-response codes (for example -1 Don't know, -2 No answer/refused, -4 Not asked, -5 Missing) are converted to NA before final output.",Q214-Social activism: Contacting a government official,WVS Wave 7 Variables Report V6.0; Codebook manual coded index.xlsx; WVS_Wave7_Setup.R
Q215,POLITICAL INTEREST & POLITICAL PARTICIPATION,False,False,Not selected for display in Variable_Display_Logical.,factor_ordered,ordered numeric in indiv_ordinal; ordered factor in intermediate indiv,Engagement in encouraging others to take action about political issues,Social activism: Encouraging others to take action about political issues,"What about these forms of political action and social activism that people can take?. Please, tell me for each of them if you have done any of these things, whether you might do it or would never under any circumstances do it: Encouraging others to take action about political issues",,1 = Have done; 2 = Might do; 3 = Would never do; -1 = Don't know; -2 = No answer; -4 = Not asked; -5 = Missing; Not available,1 = Have done (original 1); 2 = Might do (original 2); 3 = Would never do (original 3),"Haven labelled values converted to an ordered factor, then ordered factors are converted to ordinal integers with negative missing codes set to NA.","Original negative missing/non-response codes (for example -1 Don't know, -2 No answer/refused, -4 Not asked, -5 Missing) are converted to NA before final output.",Q215-Social activism: Encouraging others to take action about political issues,WVS Wave 7 Variables Report V6.0; Codebook manual coded index.xlsx; WVS_Wave7_Setup.R
Q216,POLITICAL INTEREST & POLITICAL PARTICIPATION,False,False,Not selected for display in Variable_Display_Logical.,factor_ordered,ordered numeric in indiv_ordinal; ordered factor in intermediate indiv,Engagement in encouraging others to vote,Social activism: Encouraging others to vote,"What about these forms of political action and social activism that people can take?. Please, tell me for each of them if you have done any of these things, whether you might do it or would never under any circumstances do it: Encouraging others to vote",,1 = Have done; 2 = Might do; 3 = Would never do; -1 = Don't know; -2 = No answer; -4 = Not asked; -5 = Missing; Not available,1 = Have done (original 1); 2 = Might do (original 2); 3 = Would never do (original 3),"Haven labelled values converted to an ordered factor, then ordered factors are converted to ordinal integers with negative missing codes set to NA.","Original negative missing/non-response codes (for example -1 Don't know, -2 No answer/refused, -4 Not asked, -5 Missing) are converted to NA before final output.",Q216-Social activism: Encouraging others to vote,WVS Wave 7 Variables Report V6.0; Codebook manual coded index.xlsx; WVS_Wave7_Setup.R
Q217,POLITICAL INTEREST & POLITICAL PARTICIPATION,False,False,Not selected for display in Variable_Display_Logical.,factor_ordered,ordered numeric in indiv_ordinal; ordered factor in intermediate indiv,Use of internet and social media for searching political information,Political actions online: Searching information about politics and political events,"Now I'd like you to look at this card. I'm going to read out some other forms of political action that people can take using Internet and social media tools like Facebook, Twitter etc., and I'd like you to tell me, for each one, whether you have done any of these things, whether you might do it or would never under any circumstances do it: Searching information about politics and political events",,1 = Have done; 2 = Might do; 3 = Would never do; -1 = Don't know; -2 = No answer; -4 = Not asked; -5 = INAP: No internet/no social media,1 = Have done (original 1); 2 = Might do (original 2); 3 = Would never do (original 3),"Haven labelled values converted to an ordered factor, then ordered factors are converted to ordinal integers with negative missing codes set to NA.","Original negative missing/non-response codes (for example -1 Don't know, -2 No answer/refused, -4 Not asked, -5 Missing) are converted to NA before final output.",Q217-Political actions online: Searching information about politics and political events,WVS Wave 7 Variables Report V6.0; Codebook manual coded index.xlsx; WVS_Wave7_Setup.R
Q218,POLITICAL INTEREST & POLITICAL PARTICIPATION,False,False,Not selected for display in Variable_Display_Logical.,factor_ordered,ordered numeric in indiv_ordinal; ordered factor in intermediate indiv,Engagement in signing an electronic petition,Political actions online: Signing an electronic petition,"Now I'd like you to look at this card. I'm going to read out some other forms of political action that people can take using Internet and social media tools like Facebook, Twitter etc., and I'd like you to tell me, for each one, whether you have done any of these things, whether you might do it or would never under any circumstances do it: Signing an electronic petition",,1 = Have done; 2 = Might do; 3 = Would never do; -1 = Don't know; -2 = No answer; -4 = Not asked; -5 = INAP: No internet/no social media,1 = Have done (original 1); 2 = Might do (original 2); 3 = Would never do (original 3),"Haven labelled values converted to an ordered factor, then ordered factors are converted to ordinal integers with negative missing codes set to NA.","Original negative missing/non-response codes (for example -1 Don't know, -2 No answer/refused, -4 Not asked, -5 Missing) are converted to NA before final output.",Q218-Political actions online: Signing an electronic petition,WVS Wave 7 Variables Report V6.0; Codebook manual coded index.xlsx; WVS_Wave7_Setup.R
Q219,POLITICAL INTEREST & POLITICAL PARTICIPATION,False,False,Not selected for display in Variable_Display_Logical.,factor_ordered,ordered numeric in indiv_ordinal; ordered factor in intermediate indiv,Engagement in encouraging other people to take political action,Political actions online: Encouraging other people to take any form of political,"action Now I'd like you to look at this card. I'm going to read out some other forms of political action that people can take using Internet and social media tools like Facebook, Twitter etc., and I'd like you to tell me, for each one, whether you have done any of these things, whether you might do it or would never under any circumstances do it: Encouraging other people to take any form of political action",,1 = Have done; 2 = Might do; 3 = Would never do; -1 = Don't know; -2 = No answer; -4 = Not asked; -5 = INAP: No internet/no social media,1 = Have done (original 1); 2 = Might do (original 2); 3 = Would never do (original 3),"Haven labelled values converted to an ordered factor, then ordered factors are converted to ordinal integers with negative missing codes set to NA.","Original negative missing/non-response codes (for example -1 Don't know, -2 No answer/refused, -4 Not asked, -5 Missing) are converted to NA before final output.",Q219-Political actions online: Encouraging other people to take any form of political,WVS Wave 7 Variables Report V6.0; Codebook manual coded index.xlsx; WVS_Wave7_Setup.R
Q220,POLITICAL INTEREST & POLITICAL PARTICIPATION,False,False,Not selected for display in Variable_Display_Logical.,factor_ordered,ordered numeric in indiv_ordinal; ordered factor in intermediate indiv,"Engagement in organizing political activities, events, protests","Political actions online: Organizing political activities, events, protests","Now I'd like you to look at this card. I'm going to read out some other forms of political action that people can take using Internet and social media tools like Facebook, Twitter etc., and I'd like you to tell me, for each one, whether you have done any o f these things, whether you might do it or would never under any circumstances do it: Organizing political activities, events, protests",,1 = Have done; 2 = Might do; 3 = Would never do; -1 = Don't know; -2 = No answer; -4 = Not asked; -5 = INAP: No internet/no social media,1 = Have done (original 1); 2 = Might do (original 2); 3 = Would never do (original 3),"Haven labelled values converted to an ordered factor, then ordered factors are converted to ordinal integers with negative missing codes set to NA.","Original negative missing/non-response codes (for example -1 Don't know, -2 No answer/refused, -4 Not asked, -5 Missing) are converted to NA before final output.","Q220-Political actions online: Organizing political activities, events, protests",WVS Wave 7 Variables Report V6.0; Codebook manual coded index.xlsx; WVS_Wave7_Setup.R
Q221,POLITICAL INTEREST & POLITICAL PARTICIPATION,False,False,Not selected for display in Variable_Display_Logical.,factor_ordered,ordered numeric in indiv_ordinal; ordered factor in intermediate indiv,Voting frequency at local level,Vote in elections: local level,Vote in elections: Local level,,1 = Always; 2 = Usually; 3 = Never; 4 = Not allowed to vote; -1 = Don't know; -2 = No answer; -4 = Not asked; -5 = Missing; Unknown,1 = Always (original 1); 2 = Usually (original 2); 3 = Never (original 3); 4 = Not allowed to vote (original 4),"Haven labelled values converted to an ordered factor, then ordered factors are converted to ordinal integers with negative missing codes set to NA.","Original negative missing/non-response codes (for example -1 Don't know, -2 No answer/refused, -4 Not asked, -5 Missing) are converted to NA before final output.",Q221-Vote in elections: local level,WVS Wave 7 Variables Report V6.0; Codebook manual coded index.xlsx; WVS_Wave7_Setup.R
Q222,POLITICAL INTEREST & POLITICAL PARTICIPATION,False,False,Not selected for display in Variable_Display_Logical.,factor_ordered,ordered numeric in indiv_ordinal; ordered factor in intermediate indiv,Voting frequency at national level,Vote in elections: National level,Vote in elections: National level,,1 = Always; 2 = Usually; 3 = Never; 4 = Not allowed to vote; -1 = Don't know; -2 = No answer; -4 = Not asked; -5 = Missing; Not available,1 = Always (original 1); 2 = Usually (original 2); 3 = Never (original 3); 4 = Not allowed to vote (original 4),"Haven labelled values converted to an ordered factor, then ordered factors are converted to ordinal integers with negative missing codes set to NA.","Original negative missing/non-response codes (for example -1 Don't know, -2 No answer/refused, -4 Not asked, -5 Missing) are converted to NA before final output.",Q222-Vote in elections: National level,WVS Wave 7 Variables Report V6.0; Codebook manual coded index.xlsx; WVS_Wave7_Setup.R
Q223,POLITICAL INTEREST & POLITICAL PARTICIPATION,False,False,Dropped by setup script ignored_questions because response labels are too numerous or country-specific.,factor,factor,Party choice if national election tomorrow,Which party would you vote for if there were a national election tomorrow,"If there were a national election tomorrow, for which party on this list would you vote?. If ""Don't know"": Which party appeals to you most? Each country provides codes to cover all major parties in given society Codes are available in Annex.",Note: This variable is country specific.,,Factor labels retained; negative values set to NA.,Haven labelled values converted to factor labels; negative missing codes are set to NA.,"Original negative missing/non-response codes (for example -1 Don't know, -2 No answer/refused, -4 Not asked, -5 Missing) are converted to NA before final output.",Q223-Which party would you vote for if there were a national election tomorrow,WVS Wave 7 Variables Report V6.0; Codebook manual coded index.xlsx; WVS_Wave7_Setup.R
Q224,POLITICAL INTEREST & POLITICAL PARTICIPATION,False,False,Not selected for display in Variable_Display_Logical.,factor_ordered,ordered numeric in indiv_ordinal; ordered factor in intermediate indiv,Fairness of vote counting,How often in country's elections: Votes are counted fairly,"In your view, how often do the following things occur in this country's elections? Votes are counted fairly",,1 = Very often; 2 = Fairly often; 3 = Not often; 4 = Not at all often; -1 = Don't know; -2 = No answer; -4 = Not asked; -5 = Missing; Not available,1 = Very often (original 1); 2 = Fairly often (original 2); 3 = Not often (original 3); 4 = Not at all often (original 4),"Haven labelled values converted to an ordered factor, then ordered factors are converted to ordinal integers with negative missing codes set to NA.","Original negative missing/non-response codes (for example -1 Don't know, -2 No answer/refused, -4 Not asked, -5 Missing) are converted to NA before final output.",Q224-How often in country's elections: Votes are counted fairly,WVS Wave 7 Variables Report V6.0; Codebook manual coded index.xlsx; WVS_Wave7_Setup.R
Q225,POLITICAL INTEREST & POLITICAL PARTICIPATION,False,False,Not selected for display in Variable_Display_Logical.,factor_ordered,ordered numeric in indiv_ordinal; ordered factor in intermediate indiv,Prevention of opposition candidates from running,How often in country's elections: Opposition candidates are prevented from,"running In your view, how often do the following things occur in this country's elections? Opposition candidates are prevented from running",,1 = Very often; 2 = Fairly often; 3 = Not often; 4 = Not at all often; -1 = Don't know; -2 = No answer; -4 = Not asked; -5 = Missing;Unknown,1 = Very often (original 1); 2 = Fairly often (original 2); 3 = Not often (original 3); 4 = Not at all often (original 4),"Haven labelled values converted to an ordered factor, then ordered factors are converted to ordinal integers with negative missing codes set to NA.","Original negative missing/non-response codes (for example -1 Don't know, -2 No answer/refused, -4 Not asked, -5 Missing) are converted to NA before final output.",Q225-How often in country's elections: Opposition candidates are prevented from,WVS Wave 7 Variables Report V6.0; Codebook manual coded index.xlsx; WVS_Wave7_Setup.R
Q226,POLITICAL INTEREST & POLITICAL PARTICIPATION,False,False,Not selected for display in Variable_Display_Logical.,factor_ordered,ordered numeric in indiv_ordinal; ordered factor in intermediate indiv,TV news favoritism towards governing party,How often in country's elections: TV news favors the governing party,"In your view, how often do the following things occur in this country's elections? TV news favors the governing party",,1 = Very often; 2 = Fairly often; 3 = Not often; 4 = Not at all often; -1 = Don't know; -2 = No answer; -4 = Not asked; -5 = Missing; Not available,1 = Very often (original 1); 2 = Fairly often (original 2); 3 = Not often (original 3); 4 = Not at all often (original 4),"Haven labelled values converted to an ordered factor, then ordered factors are converted to ordinal integers with negative missing codes set to NA.","Original negative missing/non-response codes (for example -1 Don't know, -2 No answer/refused, -4 Not asked, -5 Missing) are converted to NA before final output.",Q226-How often in country's elections: TV news favors the governing party,WVS Wave 7 Variables Report V6.0; Codebook manual coded index.xlsx; WVS_Wave7_Setup.R
Q227,POLITICAL INTEREST & POLITICAL PARTICIPATION,False,False,Not selected for display in Variable_Display_Logical.,factor_ordered,ordered numeric in indiv_ordinal; ordered factor in intermediate indiv,Voters being bribed,How often in country's elections: Voters are bribed,"In your view, how often do the following things occur in this country's elections? Voters are bribed",,1 = Very often; 2 = Fairly often; 3 = Not often; 4 = Not at all often; -1 = Don't know; -2 = No answer; -4 = Not asked; -5 = Missing; Not available,1 = Very often (original 1); 2 = Fairly often (original 2); 3 = Not often (original 3); 4 = Not at all often (original 4),"Haven labelled values converted to an ordered factor, then ordered factors are converted to ordinal integers with negative missing codes set to NA.","Original negative missing/non-response codes (for example -1 Don't know, -2 No answer/refused, -4 Not asked, -5 Missing) are converted to NA before final output.",Q227-How often in country's elections: Voters are bribed,WVS Wave 7 Variables Report V6.0; Codebook manual coded index.xlsx; WVS_Wave7_Setup.R
Q228,POLITICAL INTEREST & POLITICAL PARTICIPATION,False,False,Not selected for display in Variable_Display_Logical.,factor_ordered,ordered numeric in indiv_ordinal; ordered factor in intermediate indiv,Fair coverage of elections by journalists,How often in country's elections: Journalists provide fair coverage of elections,"In your view, how often do the following things occur in this country's elections? Journalists provide fair coverage of elections",,1 = Very often; 2 = Fairly often; 3 = Not often; 4 = Not at all often; -1 = Don't know; -2 = No answer; -4 = Not asked; -5 = Missing;Unknown,1 = Very often (original 1); 2 = Fairly often (original 2); 3 = Not often (original 3); 4 = Not at all often (original 4),"Haven labelled values converted to an ordered factor, then ordered factors are converted to ordinal integers with negative missing codes set to NA.","Original negative missing/non-response codes (for example -1 Don't know, -2 No answer/refused, -4 Not asked, -5 Missing) are converted to NA before final output.",Q228-How often in country's elections: Journalists provide fair coverage of elections,WVS Wave 7 Variables Report V6.0; Codebook manual coded index.xlsx; WVS_Wave7_Setup.R
Q229,POLITICAL INTEREST & POLITICAL PARTICIPATION,False,False,Not selected for display in Variable_Display_Logical.,factor_ordered,ordered numeric in indiv_ordinal; ordered factor in intermediate indiv,Fairness of election officials,How often in country's elections: Election officials are fair,"In your view, how often do the following things occur in this country's elections? Election officials are fair",,1 = Very often; 2 = Fairly often; 3 = Not often; 4 = Not at all often; -1 = Don't know; -2 = No answer; -4 = Not asked; -5 = Missing; Not available,1 = Very often (original 1); 2 = Fairly often (original 2); 3 = Not often (original 3); 4 = Not at all often (original 4),"Haven labelled values converted to an ordered factor, then ordered factors are converted to ordinal integers with negative missing codes set to NA.","Original negative missing/non-response codes (for example -1 Don't know, -2 No answer/refused, -4 Not asked, -5 Missing) are converted to NA before final output.",Q229-How often in country's elections: Election officials are fair,WVS Wave 7 Variables Report V6.0; Codebook manual coded index.xlsx; WVS_Wave7_Setup.R
Q230,POLITICAL INTEREST & POLITICAL PARTICIPATION,False,False,Not selected for display in Variable_Display_Logical.,factor_ordered,ordered numeric in indiv_ordinal; ordered factor in intermediate indiv,Elections being bought by the rich,How often in country's elections: Rich people buy elections,"In your view, how often do the following things occur in this country's elections? Rich people buy elections",,1 = Very often; 2 = Fairly often; 3 = Not often; 4 = Not at all often; -1 = Don't know; -2 = No answer; -4 = Not asked; -5 = Missing;Unknown,1 = Very often (original 1); 2 = Fairly often (original 2); 3 = Not often (original 3); 4 = Not at all often (original 4),"Haven labelled values converted to an ordered factor, then ordered factors are converted to ordinal integers with negative missing codes set to NA.","Original negative missing/non-response codes (for example -1 Don't know, -2 No answer/refused, -4 Not asked, -5 Missing) are converted to NA before final output.",Q230-How often in country's elections: Rich people buy elections,WVS Wave 7 Variables Report V6.0; Codebook manual coded index.xlsx; WVS_Wave7_Setup.R
Q231,POLITICAL INTEREST & POLITICAL PARTICIPATION,False,False,Not selected for display in Variable_Display_Logical.,factor_ordered,ordered numeric in indiv_ordinal; ordered factor in intermediate indiv,Violence at polls,How often in country's elections: Voters are threatened with violence at the polls,"In your view, how often do the following things occur in this country's elections? Voters are threatened with violence at the polls",,1 = Very often; 2 = Fairly often; 3 = Not often; 4 = Not at all often; -1 = Don't know; -2 = No answer; -4 = Not asked; -5 = Missing; Not available,1 = Very often (original 1); 2 = Fairly often (original 2); 3 = Not often (original 3); 4 = Not at all often (original 4),"Haven labelled values converted to an ordered factor, then ordered factors are converted to ordinal integers with negative missing codes set to NA.","Original negative missing/non-response codes (for example -1 Don't know, -2 No answer/refused, -4 Not asked, -5 Missing) are converted to NA before final output.",Q231-How often in country's elections: Voters are threatened with violence at the polls,WVS Wave 7 Variables Report V6.0; Codebook manual coded index.xlsx; WVS_Wave7_Setup.R
Q232,POLITICAL INTEREST & POLITICAL PARTICIPATION,False,False,Not selected for display in Variable_Display_Logical.,factor_ordered,ordered numeric in indiv_ordinal; ordered factor in intermediate indiv,Genuine choice offered to voters in elections,How often in country's elections: Voters are offered a genuine choice in the,"elections In your view, how often do the following things occur in this country's elections? Voters are offered a genuine choice in the elections",,1 = Very often; 2 = Fairly often; 3 = Not often; 4 = Not at all often; -1 = Don't know; -2 = No answer; -4 = Not asked; -5 = Missing; Not available,1 = Very often (original 1); 2 = Fairly often (original 2); 3 = Not often (original 3); 4 = Not at all often (original 4),"Haven labelled values converted to an ordered factor, then ordered factors are converted to ordinal integers with negative missing codes set to NA.","Original negative missing/non-response codes (for example -1 Don't know, -2 No answer/refused, -4 Not asked, -5 Missing) are converted to NA before final output.",Q232-How often in country's elections: Voters are offered a genuine choice in the,WVS Wave 7 Variables Report V6.0; Codebook manual coded index.xlsx; WVS_Wave7_Setup.R
Q233,POLITICAL INTEREST & POLITICAL PARTICIPATION,False,False,Not selected for display in Variable_Display_Logical.,factor_ordered,ordered numeric in indiv_ordinal; ordered factor in intermediate indiv,Equal opportunities for women in elections,How often in country's elections: Women have equal opportunities to run the office,"In your view, how often do the following things occur in this country's elections?: Women have equal opportunities to run the office",,1 = Very often; 2 = Fairly often; 3 = Not often; 4 = Not at all often; -1 = Don't know; -2 = No answer; -4 = Not asked; -5 = Missing; Not available,1 = Very often (original 1); 2 = Fairly often (original 2); 3 = Not often (original 3); 4 = Not at all often (original 4),"Haven labelled values converted to an ordered factor, then ordered factors are converted to ordinal integers with negative missing codes set to NA.","Original negative missing/non-response codes (for example -1 Don't know, -2 No answer/refused, -4 Not asked, -5 Missing) are converted to NA before final output.",Q233-How often in country's elections: Women have equal opportunities to run the office,WVS Wave 7 Variables Report V6.0; Codebook manual coded index.xlsx; WVS_Wave7_Setup.R
Q234,POLITICAL INTEREST & POLITICAL PARTICIPATION,False,False,Not selected for display in Variable_Display_Logical.,factor_ordered,ordered numeric in indiv_ordinal; ordered factor in intermediate indiv,Importance of honest elections,Some people think that having honest elections makes a lot of difference in their,"lives; other people think that it doesn't matter much Do you think that honest elections play an important role in deciding whether you and your family are able to make a good living?. How important would you say this is —very important, fairly important, not very important or not at all important?",,1 = Very important; 2 = Rather important; 3 = Not very important; 4 = Not at all important; -1 = Don't know; -2 = No answer; -4 = Not asked; -5 = Missing; Not available,1 = Very important (original 1); 2 = Rather important (original 2); 3 = Not very important (original 3); 4 = Not at all important (original 4),"Haven labelled values converted to an ordered factor, then ordered factors are converted to ordinal integers with negative missing codes set to NA.","Original negative missing/non-response codes (for example -1 Don't know, -2 No answer/refused, -4 Not asked, -5 Missing) are converted to NA before final output.",Q234-Some people think that having honest elections makes a lot of difference in their,WVS Wave 7 Variables Report V6.0; Codebook manual coded index.xlsx; WVS_Wave7_Setup.R
Q235,POLITICAL CULTURE & POLITICAL REGIMES,False,False,Not selected for display in Variable_Display_Logical.,factor_ordered,ordered numeric in indiv_ordinal; ordered factor in intermediate indiv,Opinion on having a strong leader without parliament,Political system: Having a strong leader who does not have to bother with,"parliament and elections I'm going to describe various types of political systems and ask what you think about each as a way of governing this country. For each one, would you say it is a very good, fairly good, fairly bad or very bad way of governing this country? Having a strong leader who does not have to bother with parliament and elections",,1 = Very good; 2 = Fairly good; 3 = Fairly bad; 4 = Very bad; -1 = Don't know; -2 = No answer; -4 = Not asked; -5 = Missing; Not available,1 = Very good (original 1); 2 = Fairly good (original 2); 3 = Fairly bad (original 3); 4 = Very bad (original 4),"Haven labelled values converted to an ordered factor, then ordered factors are converted to ordinal integers with negative missing codes set to NA.","Original negative missing/non-response codes (for example -1 Don't know, -2 No answer/refused, -4 Not asked, -5 Missing) are converted to NA before final output.",Q235-Political system: Having a strong leader who does not have to bother with,WVS Wave 7 Variables Report V6.0; Codebook manual coded index.xlsx; WVS_Wave7_Setup.R
Q236,POLITICAL CULTURE & POLITICAL REGIMES,False,False,Not selected for display in Variable_Display_Logical.,factor_ordered,ordered numeric in indiv_ordinal; ordered factor in intermediate indiv,Opinion on experts making decisions for the country,"Political system: Having experts, not government, make decisions according to","what they think is best for the country I'm going to describe various types of political systems and ask what you think about each as a way of governing this country. For each one, would you say it is a very good, fairly good, fairly bad or very bad way of governing this country? Having experts, not government, make decisions according to what they think is best for the country",,1 = Very good; 2 = Fairly good; 3 = Fairly bad; 4 = Very bad; -1 = Don't know; -2 = No answer; -4 = Not asked; -5 = Missing; Not available,1 = Very good (original 1); 2 = Fairly good (original 2); 3 = Fairly bad (original 3); 4 = Very bad (original 4),"Haven labelled values converted to an ordered factor, then ordered factors are converted to ordinal integers with negative missing codes set to NA.","Original negative missing/non-response codes (for example -1 Don't know, -2 No answer/refused, -4 Not asked, -5 Missing) are converted to NA before final output.","Q236-Political system: Having experts, not government, make decisions according to",WVS Wave 7 Variables Report V6.0; Codebook manual coded index.xlsx; WVS_Wave7_Setup.R
Q237,POLITICAL CULTURE & POLITICAL REGIMES,False,False,Not selected for display in Variable_Display_Logical.,factor_ordered,ordered numeric in indiv_ordinal; ordered factor in intermediate indiv,Opinion on military rule,Political system: Having the army rule,"I'm going to describe various types of political systems and ask what you think about each as a way of governing this country. For each one, would you say it is a very good, fairly good, fairly bad or very bad way of governing this country? Having the army rule",,1 = Very good; 2 = Fairly good; 3 = Fairly bad; 4 = Very bad; -1 = Don't know; -2 = No answer; -4 = Not asked; -5 = Missing; Not available,1 = Very good (original 1); 2 = Fairly good (original 2); 3 = Fairly bad (original 3); 4 = Very bad (original 4),"Haven labelled values converted to an ordered factor, then ordered factors are converted to ordinal integers with negative missing codes set to NA.","Original negative missing/non-response codes (for example -1 Don't know, -2 No answer/refused, -4 Not asked, -5 Missing) are converted to NA before final output.",Q237-Political system: Having the army rule,WVS Wave 7 Variables Report V6.0; Codebook manual coded index.xlsx; WVS_Wave7_Setup.R
Q238,POLITICAL CULTURE & POLITICAL REGIMES,False,False,Not selected for display in Variable_Display_Logical.,factor_ordered,ordered numeric in indiv_ordinal; ordered factor in intermediate indiv,Opinion on democratic political system,Political system: Having a democratic political system,"I'm going to describe various types of political systems and ask what you think about each as a way of governing this country. For each one, would you say it is a very good, fairly good, fairly bad or very bad way of governing this country? Having a democratic political system",,1 = Very good; 2 = Fairly good; 3 = Fairly bad; 4 = Very bad; -1 = Don't know; -2 = No answer; -4 = Not asked; -5 = Missing; Not available,1 = Very good (original 1); 2 = Fairly good (original 2); 3 = Fairly bad (original 3); 4 = Very bad (original 4),"Haven labelled values converted to an ordered factor, then ordered factors are converted to ordinal integers with negative missing codes set to NA.","Original negative missing/non-response codes (for example -1 Don't know, -2 No answer/refused, -4 Not asked, -5 Missing) are converted to NA before final output.",Q238-Political system: Having a democratic political system,WVS Wave 7 Variables Report V6.0; Codebook manual coded index.xlsx; WVS_Wave7_Setup.R
Q239,POLITICAL CULTURE & POLITICAL REGIMES,False,False,Not selected for display in Variable_Display_Logical.,factor_ordered,ordered numeric in indiv_ordinal; ordered factor in intermediate indiv,Opinion on religious law governing without political parties,Political system: Having a system governed by religious law in which there are no,"political parties or elections I'm going to describe various types of political systems and ask what you think about each as a way of governing this country. For each one, would you say it is a very good, fairly good, fairly bad or very bad way of governing this country? Having a system governed by religious law in which there are no political parties or elections",,1 = Very good; 2 = Fairly good; 3 = Bad; 4 = Very bad; -1 = Don't know; -2 = No answer; -4 = Not asked; -5 = Missing; Not available,1 = Very good (original 1); 2 = Fairly good (original 2); 3 = Bad (original 3); 4 = Very bad (original 4),"Haven labelled values converted to an ordered factor, then ordered factors are converted to ordinal integers with negative missing codes set to NA.","Original negative missing/non-response codes (for example -1 Don't know, -2 No answer/refused, -4 Not asked, -5 Missing) are converted to NA before final output.",Q239-Political system: Having a system governed by religious law in which there are no,WVS Wave 7 Variables Report V6.0; Codebook manual coded index.xlsx; WVS_Wave7_Setup.R
Q240,POLITICAL CULTURE & POLITICAL REGIMES,False,False,Not selected for display in Variable_Display_Logical.,integer,integer/numeric,Placement on political left-right scale,Left-right political scale,"In political matters, people talk of ""the left"" and ""the right."" How would you place your views on this scale, generally speaking?","1 = Left, 10 = Right",1 = Left; 2 = 2; 3 = 3; 4 = 4; 5 = 5; 6 = 6; 7 = 7; 8 = 8; 9 = 9; 10 = Right; -1 = Don't know; -2 = No answer; -4 = Not asked; -5 = Missing; Not available,1 = Left; 2 = 2; 3 = 3; 4 = 4; 5 = 5; 6 = 6; 7 = 7; 8 = 8; 9 = 9; 10 = Right,Original numeric values retained; all values below 0 are set to NA.,"Original negative missing/non-response codes (for example -1 Don't know, -2 No answer/refused, -4 Not asked, -5 Missing) are converted to NA before final output.",Q240-Left-right political scale,WVS Wave 7 Variables Report V6.0; Codebook manual coded index.xlsx; WVS_Wave7_Setup.R
Q241,POLITICAL CULTURE & POLITICAL REGIMES,False,False,Not selected for display in Variable_Display_Logical.,integer,integer/numeric,Taxing the rich to subsidize the poor as democracy feature,Democracy: Governments tax the rich and subsidize the poor,"Please tell me for each of the following things how essential you think it is as a characteristic of democracy. Use this scale where 1 means ""not at all an essential characteristic of democracy"" and 10 means it definitely is ""an essential characteristic of democracy. - Governments tax the rich and subsidize the poor","1 means ""not at all an essential characteristic of democracy"" and 10 means it definitely is ""an essential characteristic of democracy""",0 = It is against democracy (spontaneous); 1 = Not an essential characteristic of democracy; 2 = 2; 3 = 3; 4 = 4; 5 = 5; 6 = 6; 7 = 7; 8 = 8; 9 = 9; 10 = An essential characteristic of democracy; -1 = Don't know; -2 = No answer; -4 = Not asked; -5 = Missing; Not available,0 = It is against democracy (spontaneous); 1 = Not an essential characteristic of democracy; 2 = 2; 3 = 3; 4 = 4; 5 = 5; 6 = 6; 7 = 7; 8 = 8; 9 = 9; 10 = An essential characteristic of democracy,Original numeric values retained; all values below 0 are set to NA.,"Original negative missing/non-response codes (for example -1 Don't know, -2 No answer/refused, -4 Not asked, -5 Missing) are converted to NA before final output.",Q241-Democracy: Governments tax the rich and subsidize the poor,WVS Wave 7 Variables Report V6.0; Codebook manual coded index.xlsx; WVS_Wave7_Setup.R
Q242,POLITICAL CULTURE & POLITICAL REGIMES,False,False,Not selected for display in Variable_Display_Logical.,integer,integer/numeric,Religious authorities interpreting laws as democracy feature,Democracy: Religious authorities interpret the laws,"Please tell me for each of the following things how essential you think it is as a characteristic of democracy. Use this scale where 1 means ""not at all an essential characteristic of democracy"" and 10 means it definitely is ""an essential characteristic of democracy. - Religious authorities interpret the laws","1 means ""not at all an essential characteristic of democracy"" and 10 means it definitely is ""an essential characteristic of democracy""",0 = It is against democracy (spontaneous); 1 = Not an essential characteristic of democracy; 2 = 2; 3 = 3; 4 = 4; 5 = 5; 6 = 6; 7 = 7; 8 = 8; 9 = 9; 10 = An essential characteristic of democracy; -1 = Don't know; -2 = No answer; -4 = Not asked; -5 = Missing; Not available,0 = It is against democracy (spontaneous); 1 = Not an essential characteristic of democracy; 2 = 2; 3 = 3; 4 = 4; 5 = 5; 6 = 6; 7 = 7; 8 = 8; 9 = 9; 10 = An essential characteristic of democracy,Original numeric values retained; all values below 0 are set to NA.,"Original negative missing/non-response codes (for example -1 Don't know, -2 No answer/refused, -4 Not asked, -5 Missing) are converted to NA before final output.",Q242-Democracy: Religious authorities interpret the laws,WVS Wave 7 Variables Report V6.0; Codebook manual coded index.xlsx; WVS_Wave7_Setup.R
Q243,POLITICAL CULTURE & POLITICAL REGIMES,False,False,Not selected for display in Variable_Display_Logical.,integer,integer/numeric,Free elections as an essential characteristic of democracy,Democracy: People choose their leaders in free elections,"Please tell me for each of the following things how essential you think it is as a characteristic of democracy. Use this scale where 1 means ""not at all an essential characteristic of democracy"" and 10 means it definitely is ""an essential characteristic of democracy. - People choose their leaders in free elections","1 means ""not at all an essential characteristic of democracy"" and 10 means it definitely is ""an essential characteristic of democracy""",0 = It is against democracy (spontaneous); 1 = Not an essential characteristic of democracy; 2 = 2; 3 = 3; 4 = 4; 5 = 5; 6 = 6; 7 = 7; 8 = 8; 9 = 9; 10 = An essential characteristic of democracy; -1 = Don't know; -2 = No answer; -4 = Not asked; -5 = Missing; Unknown,0 = It is against democracy (spontaneous); 1 = Not an essential characteristic of democracy; 2 = 2; 3 = 3; 4 = 4; 5 = 5; 6 = 6; 7 = 7; 8 = 8; 9 = 9; 10 = An essential characteristic of democracy,Original numeric values retained; all values below 0 are set to NA.,"Original negative missing/non-response codes (for example -1 Don't know, -2 No answer/refused, -4 Not asked, -5 Missing) are converted to NA before final output.",Q243-Democracy: People choose their leaders in free elections,WVS Wave 7 Variables Report V6.0; Codebook manual coded index.xlsx; WVS_Wave7_Setup.R
Q244,POLITICAL CULTURE & POLITICAL REGIMES,False,False,Not selected for display in Variable_Display_Logical.,integer,integer/numeric,State aid for unemployment as democracy feature,Democracy: People receive state aid for unemployment,"Please tell me for each of the following things how essential you think it is as a characteristic of democracy. Use this scale where 1 means ""not at all an essential characteristic of democracy"" and 10 means it definitely is ""an essential characteristic of democracy. - People receive state aid for unemployment","1 means ""not at all an essential characteristic of democracy"" and 10 means it definitely is ""an essential characteristic of democracy""",0 = It is against democracy (spontaneous); 1 = Not an essential characteristic of democracy; 2 = 2; 3 = 3; 4 = 4; 5 = 5; 6 = 6; 7 = 7; 8 = 8; 9 = 9; 10 = An essential characteristic of democracy; -1 = Don't know; -2 = No answer; -4 = Not asked; -5 = Missing; Unknown,0 = It is against democracy (spontaneous); 1 = Not an essential characteristic of democracy; 2 = 2; 3 = 3; 4 = 4; 5 = 5; 6 = 6; 7 = 7; 8 = 8; 9 = 9; 10 = An essential characteristic of democracy,Original numeric values retained; all values below 0 are set to NA.,"Original negative missing/non-response codes (for example -1 Don't know, -2 No answer/refused, -4 Not asked, -5 Missing) are converted to NA before final output.",Q244-Democracy: People receive state aid for unemployment,WVS Wave 7 Variables Report V6.0; Codebook manual coded index.xlsx; WVS_Wave7_Setup.R
Q245,POLITICAL CULTURE & POLITICAL REGIMES,False,False,Not selected for display in Variable_Display_Logical.,integer,integer/numeric,Army takeover when government is incompetent,Democracy: The army takes over when government is incompetent,"Please tell me for each of the following things how essential you think it is as a characteristic of democracy. Use this scale where 1 means ""not at all an essential characteristic of democracy"" and 10 means it definitely is ""an essential characteristic of democracy. - The army takes over when government is incompetent","1 means ""not at all an essential characteristic of democracy"" and 10 means it definitely is ""an essential characteristic of democracy""",0 = It is against democracy (spontaneous); 1 = Not an essential characteristic of democracy; 2 = 2; 3 = 3; 4 = 4; 5 = 5; 6 = 6; 7 = 7; 8 = 8; 9 = 9; 10 = An essential characteristic of democracy; -1 = Don't know; -2 = No answer; -4 = Not asked; -5 = Missing; Unknown,0 = It is against democracy (spontaneous); 1 = Not an essential characteristic of democracy; 2 = 2; 3 = 3; 4 = 4; 5 = 5; 6 = 6; 7 = 7; 8 = 8; 9 = 9; 10 = An essential characteristic of democracy,Original numeric values retained; all values below 0 are set to NA.,"Original negative missing/non-response codes (for example -1 Don't know, -2 No answer/refused, -4 Not asked, -5 Missing) are converted to NA before final output.",Q245-Democracy: The army takes over when government is incompetent,WVS Wave 7 Variables Report V6.0; Codebook manual coded index.xlsx; WVS_Wave7_Setup.R
Q246,POLITICAL CULTURE & POLITICAL REGIMES,False,False,Not selected for display in Variable_Display_Logical.,integer,integer/numeric,Civil rights to protect against state oppression,Democracy: Civil rights protect people's liberty against oppression,"Please tell me for each of the following things how essential you think it is as a characteristic of democracy. Use this scale where 1 means ""not at all an essential characteristic of democracy"" and 10 means it definitely is ""an essential characteristic of democracy. - Civil rights protect people's liberty from state oppression","1 means ""not at all an essential characteristic of democracy"" and 10 means it definitely is ""an essential characteristic of democracy""",0 = It is against democracy (spontaneous); 1 = Not an essential characteristic of democracy; 2 = 2; 3 = 3; 4 = 4; 5 = 5; 6 = 6; 7 = 7; 8 = 8; 9 = 9; 10 = An essential characteristic of democracy; -1 = Don't know; -2 = No answer; -4 = Not asked; -5 = Missing; Unknown,0 = It is against democracy (spontaneous); 1 = Not an essential characteristic of democracy; 2 = 2; 3 = 3; 4 = 4; 5 = 5; 6 = 6; 7 = 7; 8 = 8; 9 = 9; 10 = An essential characteristic of democracy,Original numeric values retained; all values below 0 are set to NA.,"Original negative missing/non-response codes (for example -1 Don't know, -2 No answer/refused, -4 Not asked, -5 Missing) are converted to NA before final output.",Q246-Democracy: Civil rights protect people's liberty against oppression,WVS Wave 7 Variables Report V6.0; Codebook manual coded index.xlsx; WVS_Wave7_Setup.R
Q247,POLITICAL CULTURE & POLITICAL REGIMES,False,False,Not selected for display in Variable_Display_Logical.,integer,integer/numeric,Making incomes equal as a feature of democracy,Democracy: The state makes people's incomes equal,"Please tell me for each of the following things how essential you think it is as a characteristic of democracy. Use this scale where 1 means ""not at all an essential characteristic of democracy"" and 10 means it definitely is ""an essential characteristic of democracy. - The state makes people's incomes equal","1 means ""not at all an essential characteristic of democracy"" and 10 means it definitely is ""an essential characteristic of democracy""",0 = It is against democracy (spontaneous); 1 = Not an essential characteristic of democracy; 2 = 2; 3 = 3; 4 = 4; 5 = 5; 6 = 6; 7 = 7; 8 = 8; 9 = 9; 10 = An essential characteristic of democracy; -1 = Don't know; -2 = No answer; -4 = Not asked; -5 = Missing; Not available,0 = It is against democracy (spontaneous); 1 = Not an essential characteristic of democracy; 2 = 2; 3 = 3; 4 = 4; 5 = 5; 6 = 6; 7 = 7; 8 = 8; 9 = 9; 10 = An essential characteristic of democracy,Original numeric values retained; all values below 0 are set to NA.,"Original negative missing/non-response codes (for example -1 Don't know, -2 No answer/refused, -4 Not asked, -5 Missing) are converted to NA before final output.",Q247-Democracy: The state makes people's incomes equal,WVS Wave 7 Variables Report V6.0; Codebook manual coded index.xlsx; WVS_Wave7_Setup.R
Q248,POLITICAL CULTURE & POLITICAL REGIMES,False,False,Not selected for display in Variable_Display_Logical.,integer,integer/numeric,Obedience to rulers as a feature of democracy,Democracy: People obey their rulers,"Please tell me for each of the following things how essential you think it is as a characteristic of democracy. Use this scale where 1 means ""not at all an essential characteristic of democracy"" and 10 means it definitely is ""an essential characteristic of democracy. - People obey their rulers","1 means ""not at all an essential characteristic of democracy"" and 10 means it definitely is ""an essential characteristic of democracy""",0 = It is against democracy (spontaneous); 1 = Not an essential characteristic of democracy; 2 = 2; 3 = 3; 4 = 4; 5 = 5; 6 = 6; 7 = 7; 8 = 8; 9 = 9; 10 = An essential characteristic of democracy; -1 = Don't know; -2 = No answer; -4 = Not asked; -5 = Missing; Not available,0 = It is against democracy (spontaneous); 1 = Not an essential characteristic of democracy; 2 = 2; 3 = 3; 4 = 4; 5 = 5; 6 = 6; 7 = 7; 8 = 8; 9 = 9; 10 = An essential characteristic of democracy,Original numeric values retained; all values below 0 are set to NA.,"Original negative missing/non-response codes (for example -1 Don't know, -2 No answer/refused, -4 Not asked, -5 Missing) are converted to NA before final output.",Q248-Democracy: People obey their rulers,WVS Wave 7 Variables Report V6.0; Codebook manual coded index.xlsx; WVS_Wave7_Setup.R
Q249,POLITICAL CULTURE & POLITICAL REGIMES,False,False,Not selected for display in Variable_Display_Logical.,integer,integer/numeric,Women having the same rights as men as a democracy feature,Democracy: Women have the same rights as men,"Please tell me for each of the following things how essential you think it is as a characteristic of democracy. Use this scale where 1 means ""not at all an essential characteristic of democracy"" and 10 means it definitely is ""an essential characteristic of democracy. - Women have the same rights as men","1 means ""not at all an essential characteristic of democracy"" and 10 means it definitely is ""an essential characteristic of democracy""",0 = It is against democracy (spontaneous); 1 = Not an essential characteristic of democracy; 2 = 2; 3 = 3; 4 = 4; 5 = 5; 6 = 6; 7 = 7; 8 = 8; 9 = 9; 10 = An essential characteristic of democracy; -1 = Don't know; -2 = No answer; -4 = Not asked; -5 = Missing; Not available,0 = It is against democracy (spontaneous); 1 = Not an essential characteristic of democracy; 2 = 2; 3 = 3; 4 = 4; 5 = 5; 6 = 6; 7 = 7; 8 = 8; 9 = 9; 10 = An essential characteristic of democracy,Original numeric values retained; all values below 0 are set to NA.,"Original negative missing/non-response codes (for example -1 Don't know, -2 No answer/refused, -4 Not asked, -5 Missing) are converted to NA before final output.",Q249-Democracy: Women have the same rights as men,WVS Wave 7 Variables Report V6.0; Codebook manual coded index.xlsx; WVS_Wave7_Setup.R
Q250,POLITICAL CULTURE & POLITICAL REGIMES,False,False,Not selected for display in Variable_Display_Logical.,integer,integer/numeric,Importance of living in a democratically governed country,Importance of democracy,"How important is it for you to live in a country that is governed democratically? On this scale where 1 means it is ""not at all important"" and 10 means ""absolutely important"" what position would you choose?","1 means it is ""not at all important"" and 10 means ""absolutely important""",1 = Not at all important; 2 = 2; 3 = 3; 4 = 4; 5 = 5; 6 = 6; 7 = 7; 8 = 8; 9 = 9; 10 = Absolutely important; -1 = Don't know; -2 = No answer; -4 = Not asked; -5 = Missing; Not available,1 = Not at all important; 2 = 2; 3 = 3; 4 = 4; 5 = 5; 6 = 6; 7 = 7; 8 = 8; 9 = 9; 10 = Absolutely important,Original numeric values retained; all values below 0 are set to NA.,"Original negative missing/non-response codes (for example -1 Don't know, -2 No answer/refused, -4 Not asked, -5 Missing) are converted to NA before final output.",Q250-Importance of democracy,WVS Wave 7 Variables Report V6.0; Codebook manual coded index.xlsx; WVS_Wave7_Setup.R
Q251,POLITICAL CULTURE & POLITICAL REGIMES,False,False,Not selected for display in Variable_Display_Logical.,integer,integer/numeric,How democratically is the country being governed today?,How democratically is this country being governed today,"And how democratically is this country being governed today?. Again using a scale from 1 to 10, where 1 means that it is ""not at all democratic"" and 10 means that it is ""completely democratic,"" what position would you choose?","1 means that it is ""not at all democratic"" and 10 means that it is ""completely democratic""",1 = Not at all democratic; 2 = 2; 3 = 3; 4 = 4; 5 = 5; 6 = 6; 7 = 7; 8 = 8; 9 = 9; 10 = Completely democratic; -1 = Don't know; -2 = No answer; -4 = Not asked; -5 = Missing; Not available,1 = Not at all democratic; 2 = 2; 3 = 3; 4 = 4; 5 = 5; 6 = 6; 7 = 7; 8 = 8; 9 = 9; 10 = Completely democratic,Original numeric values retained; all values below 0 are set to NA.,"Original negative missing/non-response codes (for example -1 Don't know, -2 No answer/refused, -4 Not asked, -5 Missing) are converted to NA before final output.",Q251-How democratically is this country being governed today,WVS Wave 7 Variables Report V6.0; Codebook manual coded index.xlsx; WVS_Wave7_Setup.R
Q252,POLITICAL CULTURE & POLITICAL REGIMES,False,False,Not selected for display in Variable_Display_Logical.,integer,integer/numeric,Satisfaction with the political system's functioning,Satisfaction with the political system performance,"How satisfied are you with how the political system is functioning in your country these days? On the scale from 1 to 10 below, 1 means not satisfied at all and 10 means completely satisfied.","1 is ""not satisfied at all"" and 10 is ""completely satisfied"",",1 = Not satisfied at all; 2 = 2; 3 = 3; 4 = 4; 5 = 5; 6 = 6; 7 = 7; 8 = 8; 9 = 9; 10 = Completely satisfied; -1 = Don't know; -2 = No answer; -4 = Not asked; -5 = Missing; Unknown,1 = Not satisfied at all; 2 = 2; 3 = 3; 4 = 4; 5 = 5; 6 = 6; 7 = 7; 8 = 8; 9 = 9; 10 = Completely satisfied,Original numeric values retained; all values below 0 are set to NA.,"Original negative missing/non-response codes (for example -1 Don't know, -2 No answer/refused, -4 Not asked, -5 Missing) are converted to NA before final output.",Q252-Satisfaction with the political system performance,WVS Wave 7 Variables Report V6.0; Codebook manual coded index.xlsx; WVS_Wave7_Setup.R
Q253,POLITICAL CULTURE & POLITICAL REGIMES,False,False,Not selected for display in Variable_Display_Logical.,factor_ordered,ordered numeric in indiv_ordinal; ordered factor in intermediate indiv,Respect for individual human rights,Respect for individual human rights nowadays,How much respect is there for individual human rights nowadays in this country?,,1 = A great deal of respect; 2 = Fairly much respect; 3 = Not much respect; 4 = No respect at all; -1 = Don't know; -2 = No answer; -4 = Not asked; -5 = Missing; Not available,1 = A great deal of respect (original 1); 2 = Fairly much respect (original 2); 3 = Not much respect (original 3); 4 = No respect at all (original 4),"Haven labelled values converted to an ordered factor, then ordered factors are converted to ordinal integers with negative missing codes set to NA.","Original negative missing/non-response codes (for example -1 Don't know, -2 No answer/refused, -4 Not asked, -5 Missing) are converted to NA before final output.",Q253-Respect for individual human rights nowadays,WVS Wave 7 Variables Report V6.0; Codebook manual coded index.xlsx; WVS_Wave7_Setup.R
Q254,POLITICAL CULTURE & POLITICAL REGIMES,False,False,Not selected for display in Variable_Display_Logical.,factor_ordered,ordered numeric in indiv_ordinal; ordered factor in intermediate indiv,Pride in nationality,National pride,How proud are you to be of nationality of this country?,Note: question adjusted to local context,1 = Very proud; 2 = Quite proud; 3 = Not very proud; 4 = Not at all proud; 5 = I am not [nationality]; -1 = Don't know; -2 = No answer; -4 = Not asked; -5 = Missing; Not available,1 = Very proud (original 1); 2 = Quite proud (original 2); 3 = Not very proud (original 3); 4 = Not at all proud (original 4); 5 = I am not [nationality] (original 5),"Haven labelled values converted to an ordered factor, then ordered factors are converted to ordinal integers with negative missing codes set to NA.","Original negative missing/non-response codes (for example -1 Don't know, -2 No answer/refused, -4 Not asked, -5 Missing) are converted to NA before final output.",Q254-National pride,WVS Wave 7 Variables Report V6.0; Codebook manual coded index.xlsx; WVS_Wave7_Setup.R
Q255,POLITICAL CULTURE & POLITICAL REGIMES,False,False,Not selected for display in Variable_Display_Logical.,factor_ordered,ordered numeric in indiv_ordinal; ordered factor in intermediate indiv,Feeling of closeness to local community,"Feel close to your village, town or city","People have different views about themselves and how they relate to the world. Using this card, would you tell me how close do you feel to…? Your village, town or city",Note: question adjusted to local context,1 = Very close; 2 = Close; 3 = Not very close; 4 = Not close at all; -1 = Don't know; -2 = No answer; -4 = Not asked; -5 = Missing; Not available,1 = Very close (original 1); 2 = Close (original 2); 3 = Not very close (original 3); 4 = Not close at all (original 4),"Haven labelled values converted to an ordered factor, then ordered factors are converted to ordinal integers with negative missing codes set to NA.","Original negative missing/non-response codes (for example -1 Don't know, -2 No answer/refused, -4 Not asked, -5 Missing) are converted to NA before final output.","Q255-Feel close to your village, town or city",WVS Wave 7 Variables Report V6.0; Codebook manual coded index.xlsx; WVS_Wave7_Setup.R
Q256,POLITICAL CULTURE & POLITICAL REGIMES,False,False,Not selected for display in Variable_Display_Logical.,factor_ordered,ordered numeric in indiv_ordinal; ordered factor in intermediate indiv,Feeling of closeness to region,"Feel close to your district, region","People have different views about themselves and how they relate to the world. Using this card, would you tell me how strongly you agree or disagree with each of the following statements about how you see yourself? Your county, region, district",Note: question adjusted to local context,1 = Very close; 2 = Close; 3 = Not very close; 4 = Not close at all; -1 = Don't know; -2 = No answer; -4 = Not asked; -5 = Missing; Not available,1 = Very close (original 1); 2 = Close (original 2); 3 = Not very close (original 3); 4 = Not close at all (original 4),"Haven labelled values converted to an ordered factor, then ordered factors are converted to ordinal integers with negative missing codes set to NA.","Original negative missing/non-response codes (for example -1 Don't know, -2 No answer/refused, -4 Not asked, -5 Missing) are converted to NA before final output.","Q256-Feel close to your district, region",WVS Wave 7 Variables Report V6.0; Codebook manual coded index.xlsx; WVS_Wave7_Setup.R
Q257,POLITICAL CULTURE & POLITICAL REGIMES,False,False,Not selected for display in Variable_Display_Logical.,factor_ordered,ordered numeric in indiv_ordinal; ordered factor in intermediate indiv,Feeling of closeness to country,Feel close to your country,"People have different views about themselves and how they relate to the world. Using this card, would you tell me how strongly you agree or disagree with each of the following statements about how you see yourself? Country",Note: question adjusted to local context,1 = Very close; 2 = Close; 3 = Not very close; 4 = Not close at all; -1 = Don't know; -2 = No answer; -4 = Not asked; -5 = Missing; Not available,1 = Very close (original 1); 2 = Close (original 2); 3 = Not very close (original 3); 4 = Not close at all (original 4),"Haven labelled values converted to an ordered factor, then ordered factors are converted to ordinal integers with negative missing codes set to NA.","Original negative missing/non-response codes (for example -1 Don't know, -2 No answer/refused, -4 Not asked, -5 Missing) are converted to NA before final output.",Q257-Feel close to your country,WVS Wave 7 Variables Report V6.0; Codebook manual coded index.xlsx; WVS_Wave7_Setup.R
Q258,POLITICAL CULTURE & POLITICAL REGIMES,False,False,Not selected for display in Variable_Display_Logical.,factor_ordered,ordered numeric in indiv_ordinal; ordered factor in intermediate indiv,Feeling of closeness to continent,Feel close to your continent,"People have different views about themselves and how they relate to the world. Using this card, would you tell me how close do you feel to…? Continent; e.g. Europe, Asia etc.",Note: question adjusted to local context,1 = Very close; 2 = Close; 3 = Not very close; 4 = Not close at all; -1 = Don't know; -2 = No answer; -4 = Not asked; -5 = Missing; Not available,1 = Very close (original 1); 2 = Close (original 2); 3 = Not very close (original 3); 4 = Not close at all (original 4),"Haven labelled values converted to an ordered factor, then ordered factors are converted to ordinal integers with negative missing codes set to NA.","Original negative missing/non-response codes (for example -1 Don't know, -2 No answer/refused, -4 Not asked, -5 Missing) are converted to NA before final output.",Q258-Feel close to your continent,WVS Wave 7 Variables Report V6.0; Codebook manual coded index.xlsx; WVS_Wave7_Setup.R
Q259,POLITICAL CULTURE & POLITICAL REGIMES,False,False,Not selected for display in Variable_Display_Logical.,factor_ordered,ordered numeric in indiv_ordinal; ordered factor in intermediate indiv,Feeling of closeness to the world,Feel close to the world,"People have different views about themselves and how they relate to the world. Using this card, would you tell me how strongly you agree or disagree with each of the following statements about how you see yourself? World",Note: question adjusted to local context,1 = Very close; 2 = Close; 3 = Not very close; 4 = Not close at all; -1 = Don't know; -2 = No answer; -4 = Not asked; -5 = Missing; Not available Demographic and Socioeconomic Variables (Q260- Q290),1 = Very close (original 1); 2 = Close (original 2); 3 = Not very close (original 3); 4 = Not close at all (original 4),"Haven labelled values converted to an ordered factor, then ordered factors are converted to ordinal integers with negative missing codes set to NA.","Original negative missing/non-response codes (for example -1 Don't know, -2 No answer/refused, -4 Not asked, -5 Missing) are converted to NA before final output.",Q259-Feel close to the world,WVS Wave 7 Variables Report V6.0; Codebook manual coded index.xlsx; WVS_Wave7_Setup.R
Q261,DEMOGRAPHICS,False,False,Not selected for display in Variable_Display_Logical.,integer,integer/numeric,Year of birth,Year of birth,"Can you tell me your year of birth, please? Numeric variable - year of birth",,-1 = Don't know; -2 = No answer; -4 = Not asked; -5 = Missing; Not available,Numeric response values retained.,Original numeric values retained; all values below 0 are set to NA.,"Original negative missing/non-response codes (for example -1 Don't know, -2 No answer/refused, -4 Not asked, -5 Missing) are converted to NA before final output.",Q261-Year of birth,WVS Wave 7 Variables Report V6.0; Codebook manual coded index.xlsx; WVS_Wave7_Setup.R
Q264,DEMOGRAPHICS,False,False,Not selected for display in Variable_Display_Logical.,factor,numeric,Mother born in this country or immigrant,Mother immigrant,Is your mother immigrant to this country or not?,,1 = Not an immigrant; 2 = Immigrant; -1 = Don't know; -2 = No answer; -3 = INAP; Mother does not live in country; -4 = Not asked; -5 = Missing; Not available,0 = Not an immigrant; 1 = Immigrant,Custom recode in setup script; all unmatched responses and original negative missing codes are set to NA.,"Original negative missing/non-response codes (for example -1 Don't know, -2 No answer/refused, -4 Not asked, -5 Missing) are converted to NA before final output.",Q264-Mother immigrant,WVS Wave 7 Variables Report V6.0; Codebook manual coded index.xlsx; WVS_Wave7_Setup.R
Q265,DEMOGRAPHICS,False,False,Not selected for display in Variable_Display_Logical.,factor,numeric,Father born in this country or immigrant,Father immigrant,Is your father immigrant to this country or not?,,1 = Not an immigrant; 2 = Immigrant; -1 = Don't know; -2 = No answer; -3 = INAP; Father does not live in country; -4 = Not asked; -5 = Missing; Not available,0 = Not an immigrant; 1 = Immigrant,Custom recode in setup script; all unmatched responses and original negative missing codes are set to NA.,"Original negative missing/non-response codes (for example -1 Don't know, -2 No answer/refused, -4 Not asked, -5 Missing) are converted to NA before final output.",Q265-Father immigrant,WVS Wave 7 Variables Report V6.0; Codebook manual coded index.xlsx; WVS_Wave7_Setup.R
Q266,DEMOGRAPHICS,False,False,Dropped by setup script ignored_questions because response labels are too numerous or country-specific.,factor,factor,Respondent's country of birth,Country of birth: Respondent,In which country were you born? List of codes in Annex,,,Factor labels retained; negative values set to NA.,Haven labelled values converted to factor labels; negative missing codes are set to NA.,"Original negative missing/non-response codes (for example -1 Don't know, -2 No answer/refused, -4 Not asked, -5 Missing) are converted to NA before final output.",Q266-Country of birth: Respondent,WVS Wave 7 Variables Report V6.0; Codebook manual coded index.xlsx; WVS_Wave7_Setup.R
Q267,DEMOGRAPHICS,False,False,Dropped by setup script ignored_questions because response labels are too numerous or country-specific.,factor,factor,Mother's country of birth,Country of birth: Mother of the respondent,In which country was your mother born? List of codes in Annex,,,Factor labels retained; negative values set to NA.,Haven labelled values converted to factor labels; negative missing codes are set to NA.,"Original negative missing/non-response codes (for example -1 Don't know, -2 No answer/refused, -4 Not asked, -5 Missing) are converted to NA before final output.",Q267-Country of birth: Mother of the respondent,WVS Wave 7 Variables Report V6.0; Codebook manual coded index.xlsx; WVS_Wave7_Setup.R
Q268,DEMOGRAPHICS,False,False,Dropped by setup script ignored_questions because response labels are too numerous or country-specific.,factor,factor,Father's country of birth,Country of birth: Father of the respondent,In which country was your father born? List of codes in Annex,,,Factor labels retained; negative values set to NA.,Haven labelled values converted to factor labels; negative missing codes are set to NA.,"Original negative missing/non-response codes (for example -1 Don't know, -2 No answer/refused, -4 Not asked, -5 Missing) are converted to NA before final output.",Q268-Country of birth: Father of the respondent,WVS Wave 7 Variables Report V6.0; Codebook manual coded index.xlsx; WVS_Wave7_Setup.R
Q269,DEMOGRAPHICS,False,False,Not selected for display in Variable_Display_Logical.,factor,numeric,Citizenship status,Respondent citizen,Are you a citizen of this country?,,"1 = Yes, I am a citizen of this country; 2 = Not, I am not a citizen of this country; 3 = SWI2: Applied, awaiting decision; -1 = Don't know; -2 = No answer; -4 = Not asked; -5 = Missing; Not available",0 = No; 1 = Yes,Custom recode in setup script; all unmatched responses and original negative missing codes are set to NA.,"Original negative missing/non-response codes (for example -1 Don't know, -2 No answer/refused, -4 Not asked, -5 Missing) are converted to NA before final output.",Q269-Respondent citizen,WVS Wave 7 Variables Report V6.0; Codebook manual coded index.xlsx; WVS_Wave7_Setup.R
Q270,DEMOGRAPHICS,False,False,Not selected for display in Variable_Display_Logical.,integer,integer/numeric,Number of household members,Number of people in household,"How many people are there in your household, including yourself and children?",,1 = 1; 2 = 2; 3 = 3; 4 = 4; 5 = 5; 6 = 6 7-89.- 7 persons or more; -2 = No answer; -4 = Not asked; -5 = Missing; Not available,1 = 1; 2 = 2; 3 = 3; 4 = 4; 5 = 5; 6 = 6 7-89.- 7 persons or more,Original numeric values retained; all values below 0 are set to NA.,"Original negative missing/non-response codes (for example -1 Don't know, -2 No answer/refused, -4 Not asked, -5 Missing) are converted to NA before final output.",Q270-Number of people in household,WVS Wave 7 Variables Report V6.0; Codebook manual coded index.xlsx; WVS_Wave7_Setup.R
Q271,DEMOGRAPHICS,False,False,Not selected for display in Variable_Display_Logical.,factor,numeric,Living with parents or in-laws,Do you live with your parents,Do you live with your parents?,,"1 = No; 2 = Yes, own parent(s); 3 = Yes, parent(s) in law; 4 = Yes, both own parent(s) and parent(s) in law; -1 = Don't know; -2 = No answer; -4 = Not asked; -5 = Missing; Not available","0 = No; 1 = Yes, parent(s) in law; 2 = Yes, own parent(s); 3 = Yes, both own parent(s) and parent(s) in law",Custom recode in setup script; all unmatched responses and original negative missing codes are set to NA.,"Original negative missing/non-response codes (for example -1 Don't know, -2 No answer/refused, -4 Not asked, -5 Missing) are converted to NA before final output.",Q271-Do you live with your parents,WVS Wave 7 Variables Report V6.0; Codebook manual coded index.xlsx; WVS_Wave7_Setup.R
Q272,DEMOGRAPHICS,False,False,Dropped by setup script ignored_questions because response labels are too numerous or country-specific.,factor,factor,Language normally spoken at home,Language at home,What language do you normally speak at home? Codes are available in the Annex,Note: question adjusted to local context,,Factor labels retained; negative values set to NA.,Haven labelled values converted to factor labels; negative missing codes are set to NA.,"Original negative missing/non-response codes (for example -1 Don't know, -2 No answer/refused, -4 Not asked, -5 Missing) are converted to NA before final output.",Q272-Language at home,WVS Wave 7 Variables Report V6.0; Codebook manual coded index.xlsx; WVS_Wave7_Setup.R
Q273,DEMOGRAPHICS,False,False,Not selected for display in Variable_Display_Logical.,factor,numeric,Current marital status,Marital status,Are you currently ....,,1 = Married; 2 = Living together as married; 3 = Divorced; 4 = Separated; 5 = Widowed; 6 = Single; -1 = Don't know; -2 = No answer; -4 = Not asked; -5 = Missing; Not available,0 = Single; 1 = Widowed; 2 = Separated; 3 = Divorced; 4 = Living together as married; 5 = Married,Custom recode in setup script; all unmatched responses and original negative missing codes are set to NA.,"Original negative missing/non-response codes (for example -1 Don't know, -2 No answer/refused, -4 Not asked, -5 Missing) are converted to NA before final output.",Q273-Marital status,WVS Wave 7 Variables Report V6.0; Codebook manual coded index.xlsx; WVS_Wave7_Setup.R
Q274,DEMOGRAPHICS,False,False,Not selected for display in Variable_Display_Logical.,factor_ordered,ordered numeric in indiv_ordinal; ordered factor in intermediate indiv,Number of children,How many children do you have,"Have you had children? If yes, how many?",,0 = No children; 1 = 1 child; 2 = 2 children; 3 = 3 children; 4 = 4 children; 5 = 5 children; 6 = 6 children 7-25.- 7 or more children; -1 = Don't know; -2 = No answer; -4 = Not asked; -5 = Missing; Not available,1 = No children (original 0); 2 = 1 child (original 1); 3 = 2 children (original 2); 4 = 3 children (original 3); 5 = 4 children (original 4); 6 = 5 children (original 5); 7 = 6 children 7-25.- 7 or more children (original 6),"Haven labelled values converted to an ordered factor, then ordered factors are converted to ordinal integers with negative missing codes set to NA.","Original negative missing/non-response codes (for example -1 Don't know, -2 No answer/refused, -4 Not asked, -5 Missing) are converted to NA before final output.",Q274-How many children do you have,WVS Wave 7 Variables Report V6.0; Codebook manual coded index.xlsx; WVS_Wave7_Setup.R
Q276,DEMOGRAPHICS,False,False,Not selected for display in Variable_Display_Logical.,factor_ordered,ordered numeric in indiv_ordinal; ordered factor in intermediate indiv,Highest educational level of spouse,Highest educational level: Respondent's Spouse [ISCED 2011],What is the highest educational level that your spouse has attained?,,0 = Early childhood education (ISCED 0) / no education; 1 = Primary education (ISCED 1); 2 = Lower secondary education (ISCED 2); 3 = Upper secondary education (ISCED 3); 4 = Post-secondary non-tertiary education (ISCED 4); 5 = Short-cycle tertiary education (ISCED 5); 6 = Bachelor or equivalent (ISCED 6); 7 = Master or equivalent (ISCED 7); 8 = Doctoral or equivalent (ISCED 8); -1 = Don't know; -2 = No answer; -3 = Not applicable; No spouse/partner; -4 = Not asked; -5 = Missing; Not available,1 = Early childhood education (ISCED 0) / no education (original 0); 2 = Primary education (ISCED 1) (original 1); 3 = Lower secondary education (ISCED 2) (original 2); 4 = Upper secondary education (ISCED 3) (original 3); 5 = Post-secondary non-tertiary education (ISCED 4) (original 4); 6 = Short-cycle tertiary education (ISCED 5) (original 5); 7 = Bachelor or equivalent (ISCED 6) (original 6); 8 = Master or equivalent (ISCED 7) (original 7); 9 = Doctoral or equivalent (ISCED 8) (original 8),"Haven labelled values converted to an ordered factor, then ordered factors are converted to ordinal integers with negative missing codes set to NA.","Original negative missing/non-response codes (for example -1 Don't know, -2 No answer/refused, -4 Not asked, -5 Missing) are converted to NA before final output.",Q276-Highest educational level: Respondent's Spouse [ISCED 2011],WVS Wave 7 Variables Report V6.0; Codebook manual coded index.xlsx; WVS_Wave7_Setup.R
Q277,DEMOGRAPHICS,False,False,Not selected for display in Variable_Display_Logical.,factor_ordered,ordered numeric in indiv_ordinal; ordered factor in intermediate indiv,Highest educational level of mother,Highest educational level: Respondent's Mother [ISCED 2011],What is the highest educational level that your mother has attained?,,0 = Early childhood education (ISCED 0) / no education; 1 = Primary education (ISCED 1); 2 = Lower secondary education (ISCED 2); 3 = Upper secondary education (ISCED 3); 4 = Post-secondary non-tertiary education (ISCED 4); 5 = Short-cycle tertiary education (ISCED 5); 6 = Bachelor or equivalent (ISCED 6); 7 = Master or equivalent (ISCED 7); 8 = Doctoral or equivalent (ISCED 8); -1 = Don't know; -2 = No answer; -4 = Not asked; -5 = Missing; Not available,1 = Early childhood education (ISCED 0) / no education (original 0); 2 = Primary education (ISCED 1) (original 1); 3 = Lower secondary education (ISCED 2) (original 2); 4 = Upper secondary education (ISCED 3) (original 3); 5 = Post-secondary non-tertiary education (ISCED 4) (original 4); 6 = Short-cycle tertiary education (ISCED 5) (original 5); 7 = Bachelor or equivalent (ISCED 6) (original 6); 8 = Master or equivalent (ISCED 7) (original 7); 9 = Doctoral or equivalent (ISCED 8) (original 8),"Haven labelled values converted to an ordered factor, then ordered factors are converted to ordinal integers with negative missing codes set to NA.","Original negative missing/non-response codes (for example -1 Don't know, -2 No answer/refused, -4 Not asked, -5 Missing) are converted to NA before final output.",Q277-Highest educational level: Respondent's Mother [ISCED 2011],WVS Wave 7 Variables Report V6.0; Codebook manual coded index.xlsx; WVS_Wave7_Setup.R
Q278,DEMOGRAPHICS,False,False,Not selected for display in Variable_Display_Logical.,factor_ordered,ordered numeric in indiv_ordinal; ordered factor in intermediate indiv,Highest educational level of father,Highest educational level: Respondent's Father [ISCED 2011],What is the highest educational level that your father has attained?,,0 = Early childhood education (ISCED 0) / no education; 1 = Primary education (ISCED 1); 2 = Lower secondary education (ISCED 2); 3 = Upper secondary education (ISCED 3); 4 = Post-secondary non-tertiary education (ISCED 4); 5 = Short-cycle tertiary education (ISCED 5); 6 = Bachelor or equivalent (ISCED 6); 7 = Master or equivalent (ISCED 7); 8 = Doctoral or equivalent (ISCED 8); -1 = Don't know; -2 = No answer; -3 = Not applicable; No spouse/partner; -4 = Not asked; -5 = Missing; Not available,1 = Early childhood education (ISCED 0) / no education (original 0); 2 = Primary education (ISCED 1) (original 1); 3 = Lower secondary education (ISCED 2) (original 2); 4 = Upper secondary education (ISCED 3) (original 3); 5 = Post-secondary non-tertiary education (ISCED 4) (original 4); 6 = Short-cycle tertiary education (ISCED 5) (original 5); 7 = Bachelor or equivalent (ISCED 6) (original 6); 8 = Master or equivalent (ISCED 7) (original 7); 9 = Doctoral or equivalent (ISCED 8) (original 8),"Haven labelled values converted to an ordered factor, then ordered factors are converted to ordinal integers with negative missing codes set to NA.","Original negative missing/non-response codes (for example -1 Don't know, -2 No answer/refused, -4 Not asked, -5 Missing) are converted to NA before final output.",Q278-Highest educational level: Respondent's Father [ISCED 2011],WVS Wave 7 Variables Report V6.0; Codebook manual coded index.xlsx; WVS_Wave7_Setup.R
Q279,DEMOGRAPHICS,False,False,Not selected for display in Variable_Display_Logical.,factor,numeric,Employment status of respondent,Employment status,Are you employed now or not? If yes: About how many hours a week?,,1 = Full time (30 hours a week or more); 2 = Part time (less than 30 hours a week); 3 = Self employed; 4 = Retired/pensioned; 5 = Housewife not otherwise employed; 6 = Student; 7 = Unemployed; 8 = Other; -1 = Don't know; -2 = No answer; -4 = Not asked; -5 = Missing; Not available,0 = Other; 1 = Unemployed; 2 = Disabled (EVS); 3 = Retired/pensioned; 4 = Student; 5 = Homemaker not otherwise employed; 6 = Military Service (EVS); 7 = Self employed; 8 = Part time (less than 30 hours a week); 9 = Full time (30 hours a week or more),Custom recode in setup script; all unmatched responses and original negative missing codes are set to NA.,"Original negative missing/non-response codes (for example -1 Don't know, -2 No answer/refused, -4 Not asked, -5 Missing) are converted to NA before final output.",Q279-Employment status,WVS Wave 7 Variables Report V6.0; Codebook manual coded index.xlsx; WVS_Wave7_Setup.R
Q280,DEMOGRAPHICS,False,False,Not selected for display in Variable_Display_Logical.,factor,numeric,Employment status of spouse,Employment status - Respondent's Spouse,Is your spouse employed?,,1 = Full time (30 hours a week or more); 2 = Part time (less than 30 hours a week); 3 = Self employed; 4 = Retired/pensioned; 5 = Housewife not otherwise employed; 6 = Student; 7 = Unemployed; 8 = Other; -1 = Don't know; -2 = No answer; -3 = Not applicable; No spouse/partner; -4 = Not asked; -5 = Missing; Not available,0 = Other; 1 = Unemployed; 2 = Disabled (EVS); 3 = Retired/pensioned; 4 = Student; 5 = Homemaker not otherwise employed; 6 = Military Service (EVS); 7 = Self employed; 8 = Part time (less than 30 hours a week); 9 = Full time (30 hours a week or more),Custom recode in setup script; all unmatched responses and original negative missing codes are set to NA.,"Original negative missing/non-response codes (for example -1 Don't know, -2 No answer/refused, -4 Not asked, -5 Missing) are converted to NA before final output.",Q280-Employment status - Respondent's Spouse,WVS Wave 7 Variables Report V6.0; Codebook manual coded index.xlsx; WVS_Wave7_Setup.R
Q281,DEMOGRAPHICS,False,False,Not selected for display in Variable_Display_Logical.,factor,numeric,Occupational group of respondent,Respondent - Occupational group,To which of the following occupational groups do you belong?,,"0 = Never had a job; 1 = Professional and technical (for example: doctor, teacher, engineer, artist, accountant, nurse); 2 = Higher administrative (for example: banker, executive in big business, high government official, union official); 3 = Clerical (for example: secretary, clerk, office manager, civil servant, bookkeeper; 4 = Sales (for example: sales manager, shop owner, shop assistant, insurance agent, buyer); 5 = Service (for example: restaurant owner, police officer, waitress, barber, caretaker); 6 = Skilled worker (for example: foreman, motor mechanic, printer, seamstress, tool and die maker, electrician); 7 = Semi-skilled worker (for example: bricklayer, bus driver, cannery worker, carpenter, sheet metal worker, baker); 8 = Unskilled worker (for example: labourer, porter, unskilled factory worker, cleaner); 9 = Farm worker (for example: farm labourer, tractor driver); 10 = Farm owner, farm manager; 11 = JP,KG,TJ: Other; -1 = Don't know; -2 = No answer; -4 = Not asked; -5 = Missing; Not available","0 = JP,KG,TJ: Other; 1 = Never had a job; 2 = Unskilled worker (for example: labourer, porter, unskilled factory worker, cleaner); 3 = Farm worker (for example: farm labourer, tractor driver); 4 = Farm owner, farm manager; 5 = Semi-skilled worker (for example: bricklayer, bus driver, cannery worker, carpenter, sheet metal worker, baker); 6 = Service (for example: restaurant owner, police officer, waitress, barber, caretaker); 7 = Sales (for example: sales manager, shop owner, shop assistant, insurance agent, buyer); 8 = Clerical (for example: secretary, clerk, office manager, civil servant, bookkeeper; 9 = Skilled worker (for example: foreman, motor mechanic, printer, seamstress, tool and die maker, electrician); 10 = Professional and technical (for example: doctor, teacher, engineer, artist, accountant, nurse); 11 = Higher administrative (for example: banker, executive in big business, high government official, union official)",Custom recode in setup script; all unmatched responses and original negative missing codes are set to NA.,"Original negative missing/non-response codes (for example -1 Don't know, -2 No answer/refused, -4 Not asked, -5 Missing) are converted to NA before final output.",Q281-Respondent - Occupational group,WVS Wave 7 Variables Report V6.0; Codebook manual coded index.xlsx; WVS_Wave7_Setup.R
Q282,DEMOGRAPHICS,False,False,Not selected for display in Variable_Display_Logical.,factor,numeric,Occupational group of spouse,Respondent's Spouse - Occupational group,To which of the following occupational groups does your spouse belong?,,"0 = Never had a job; 1 = Professional and technical (for example: doctor, teacher, engineer, artist, accountant, nurse); 2 = Higher administrative (for example: banker, executive in big business, high government official, union official); 3 = Clerical (for example: secretary, clerk, office manager, civil servant, bookkeepe r; 4 = Sales (for example: sales manager, shop owner, shop assistant, insurance agent, buyer); 5 = Service (for example: restaurant owner, police officer, waitress, barber, caretaker); 6 = Skilled worker (for example: foreman, motor mechanic, printer, seamstr ess, tool and die maker, electrician); 7 = Semi-skilled worker (for example: bricklayer, bus driver, cannery worker, carpenter, sheet metal worker, baker); 8 = Unskilled worker (for example: labourer, porter, unskilled factory worker, cleaner); 9 = Farm worker (for example: farm labourer, tractor driver); 10 = Farm owner, farm manager; 11 = JP,KG,TJ: Other; -1 = Don't know; -2 = No answer; -4 = Not asked; -5 = Missing; Not available","0 = JP,KG,TJ: Other; 1 = Never had a job; 2 = Unskilled worker (for example: labourer, porter, unskilled factory worker, cleaner); 3 = Farm worker (for example: farm labourer, tractor driver); 4 = Farm owner, farm manager; 5 = Semi-skilled worker (for example: bricklayer, bus driver, cannery worker, carpenter, sheet metal worker, baker); 6 = Service (for example: restaurant owner, police officer, waitress, barber, caretaker); 7 = Sales (for example: sales manager, shop owner, shop assistant, insurance agent, buyer); 8 = Clerical (for example: secretary, clerk, office manager, civil servant, bookkeeper; 9 = Skilled worker (for example: foreman, motor mechanic, printer, seamstress, tool and die maker, electrician); 10 = Professional and technical (for example: doctor, teacher, engineer, artist, accountant, nurse); 11 = Higher administrative (for example: banker, executive in big business, high government official, union official)",Custom recode in setup script; all unmatched responses and original negative missing codes are set to NA.,"Original negative missing/non-response codes (for example -1 Don't know, -2 No answer/refused, -4 Not asked, -5 Missing) are converted to NA before final output.",Q282-Respondent's Spouse - Occupational group,WVS Wave 7 Variables Report V6.0; Codebook manual coded index.xlsx; WVS_Wave7_Setup.R
Q283,DEMOGRAPHICS,False,False,Not selected for display in Variable_Display_Logical.,factor,numeric,Occupational group of father at age 14,Respondent's Father - Occupational group (when respondent was 14 years old),"When you were 14, to which of the following occupational groups did your father belong?",,"0 = Never had a job; 1 = Professional and technical (for example: doctor, teacher, engineer, artist, accountant, nurse); 2 = Higher administrative (for example: banker, executive in big business, high government official, union official); 3 = Clerical (for example: secretary, clerk, office manager, civil servant, bookkeeper; 4 = Sales (for example: sales manager, shop owner, shop assistant, insurance agent, buyer); 5 = Service (for example: restaurant owner, police officer, waitress, barber, caretaker); 6 = Skilled worker (for example: foreman, motor mechanic, printer, seamstress, tool and die maker, electrician); 7 = Semi-skilled worker (for example: bricklayer, bus driver, cannery worker, carpenter, sheet metal worker, baker); 8 = Unskilled worker (for example: labourer, porter, unskilled factory worker, cleaner); 9 = Farm worker (for example: farm labourer, tractor driver); 10 = Farm owner, farm manager; 11 = JP,KG,TJ: Other; -1 = Don't know; -2 = No answer; -4 = Not asked; -5 = Missing; Not available","0 = JP,KG,TJ: Other; 1 = Never had a job; 2 = Unskilled worker (for example: labourer, porter, unskilled factory worker, cleaner); 3 = Farm worker (for example: farm labourer, tractor driver); 4 = Farm owner, farm manager; 5 = Semi-skilled worker (for example: bricklayer, bus driver, cannery worker, carpenter, sheet metal worker, baker); 6 = Service (for example: restaurant owner, police officer, waitress, barber, caretaker); 7 = Sales (for example: sales manager, shop owner, shop assistant, insurance agent, buyer); 8 = Clerical (for example: secretary, clerk, office manager, civil servant, bookkeeper; 9 = Skilled worker (for example: foreman, motor mechanic, printer, seamstress, tool and die maker, electrician); 10 = Professional and technical (for example: doctor, teacher, engineer, artist, accountant, nurse); 11 = Higher administrative (for example: banker, executive in big business, high government official, union official)",Custom recode in setup script; all unmatched responses and original negative missing codes are set to NA.,"Original negative missing/non-response codes (for example -1 Don't know, -2 No answer/refused, -4 Not asked, -5 Missing) are converted to NA before final output.",Q283-Respondent's Father - Occupational group (when respondent was 14 years old),WVS Wave 7 Variables Report V6.0; Codebook manual coded index.xlsx; WVS_Wave7_Setup.R
Q284,DEMOGRAPHICS,False,False,Not selected for display in Variable_Display_Logical.,factor,numeric,Sector of employment for respondent,Sector of employment,"Are you working for the government or public institution, for private business or industry, or for a private non-profit organization? If you do not work currently, characterize your major work in the past! Do you or did you work for?",,1 = Government or public institution; 2 = Private business or industry; 3 = Private non-profit organization; -1 = Don't know; -2 = No answer; -3 = Not applicable; Never had a job; -4 = Not asked; -5 = Missing; Not available; China: None,0 = Government or public institution; 1 = Private non-profit organization; 2 = Private business or industry,Custom recode in setup script; all unmatched responses and original negative missing codes are set to NA.,"Original negative missing/non-response codes (for example -1 Don't know, -2 No answer/refused, -4 Not asked, -5 Missing) are converted to NA before final output.",Q284-Sector of employment,WVS Wave 7 Variables Report V6.0; Codebook manual coded index.xlsx; WVS_Wave7_Setup.R
Q285,DEMOGRAPHICS,False,False,Not selected for display in Variable_Display_Logical.,factor,numeric,Chief wage earner in the household,Are you the chief wage earner in your house,Are you the chief wage earner in your house,,1 = Yes; 2 = No; -1 = Don't know; -2 = No answer; -4 = Not asked; -5 = Missing; Not available,0 = No; 1 = Yes,Custom recode in setup script; all unmatched responses and original negative missing codes are set to NA.,"Original negative missing/non-response codes (for example -1 Don't know, -2 No answer/refused, -4 Not asked, -5 Missing) are converted to NA before final output.",Q285-Are you the chief wage earner in your house,WVS Wave 7 Variables Report V6.0; Codebook manual coded index.xlsx; WVS_Wave7_Setup.R
Q286,DEMOGRAPHICS,False,False,Not selected for display in Variable_Display_Logical.,factor_ordered,ordered numeric in indiv_ordinal; ordered factor in intermediate indiv,Financial situation of family past year,Family savings during past year,"During the past year, did your family…",,1 = Save money; 2 = Just get by; 3 = Spent some savings and borrowed money; 4 = Spent savings and borrowed money; -1 = Don't know; -2 = No answer; -4 = Not asked; -5 = Missing; Unknown,1 = Save money (original 1); 2 = Just get by (original 2); 3 = Spent some savings and borrowed money (original 3); 4 = Spent savings and borrowed money (original 4),"Haven labelled values converted to an ordered factor, then ordered factors are converted to ordinal integers with negative missing codes set to NA.","Original negative missing/non-response codes (for example -1 Don't know, -2 No answer/refused, -4 Not asked, -5 Missing) are converted to NA before final output.",Q286-Family savings during past year,WVS Wave 7 Variables Report V6.0; Codebook manual coded index.xlsx; WVS_Wave7_Setup.R
Q287,DEMOGRAPHICS,False,False,Not selected for display in Variable_Display_Logical.,factor_ordered,ordered numeric in indiv_ordinal; ordered factor in intermediate indiv,Class self-identification,Social class (subjective),"People sometimes describe themselves as belonging to the working class, the middle class, or the upper or lower class. Would you describe yourself as belonging to the:",,1 = Upper class; 2 = Upper middle class; 3 = Lower middle class; 4 = Working class; 5 = Lower class; -1 = Don't know; -2 = No answer; -4 = Not asked; -5 = Missing; Not available,1 = Upper class (original 1); 2 = Upper middle class (original 2); 3 = Lower middle class (original 3); 4 = Working class (original 4); 5 = Lower class (original 5),"Haven labelled values converted to an ordered factor, then ordered factors are converted to ordinal integers with negative missing codes set to NA.","Original negative missing/non-response codes (for example -1 Don't know, -2 No answer/refused, -4 Not asked, -5 Missing) are converted to NA before final output.",Q287-Social class (subjective),WVS Wave 7 Variables Report V6.0; Codebook manual coded index.xlsx; WVS_Wave7_Setup.R
Q290,DEMOGRAPHICS,False,False,Dropped by setup script ignored_questions because response labels are too numerous or country-specific.,factor,factor,Respondent's ethnic group,Racial belonging/ ethnic group,"Racial belonging/ ethnic group Country-specific list of codes in Annex Regional and thematic modules MENA regional module (MN01-MN38) Module has been designed in cooperation with the Middle East and North Africa program of the World Bank and has been applied in Iraq, Jordan, Lebanon and Egypt in 2018. Data for these questions is available in the national datasets for the four countries mentioned above.",,,Factor labels retained; negative values set to NA.,Haven labelled values converted to factor labels; negative missing codes are set to NA.,"Original negative missing/non-response codes (for example -1 Don't know, -2 No answer/refused, -4 Not asked, -5 Missing) are converted to NA before final output.",Q290-Racial belonging/ ethnic group,WVS Wave 7 Variables Report V6.0; Codebook manual coded index.xlsx; WVS_Wave7_Setup.R
E_RESPINT,OBSERVATIONS BY THE INTERVIEWER,False,False,Not selected for display in Variable_Display_Logical.,factor_ordered,ordered numeric in indiv_ordinal; ordered factor in intermediate indiv,Respondent's interest,Respondent interested during the interview,Respondent interested during the interview,"1 = Respondent was very interested, 2 = Respondent was somewhat interested, 3 = Respondent was not interested.",1 = Respondent was very interested; 2 = Respondent was somewhat interested; 3 = Respondent was not interested; -4 = Not asked in survey; -5 = No answer; Missing,1 = Respondent was very interested (original 1); 2 = Respondent was somewhat interested (original 2); 3 = Respondent was not interested (original 3),"Haven labelled values converted to an ordered factor, then ordered factors are converted to ordinal integers with negative missing codes set to NA.","Original negative missing/non-response codes (for example -1 Don't know, -2 No answer/refused, -4 Not asked, -5 Missing) are converted to NA before final output.",E_RESPINT-Respondent interested during the interview,WVS Wave 7 Variables Report V6.0; Codebook manual coded index.xlsx; WVS_Wave7_Setup.R
E1_LITERACY,OBSERVATIONS BY THE INTERVIEWER,False,False,Not selected for display in Variable_Display_Logical.,factor,numeric,Respondent's literacy,Respondent's literacy,Respondent's literacy,"1 = Literate, 2 = Illiterate",1 = Literate; 2 = Illiterate; -4 = Not asked in survey; -5 = No answer; Missing,0 = Illiterate; 1 = Literate,Custom recode in setup script; all unmatched responses and original negative missing codes are set to NA.,"Original negative missing/non-response codes (for example -1 Don't know, -2 No answer/refused, -4 Not asked, -5 Missing) are converted to NA before final output.",E1_LITERACY-Respondent's literacy,WVS Wave 7 Variables Report V6.0; Codebook manual coded index.xlsx; WVS_Wave7_Setup.R
F_INTPRIVACY,OBSERVATIONS BY THE INTERVIEWER,False,False,Not selected for display in Variable_Display_Logical.,factor,numeric,Interview privacy,Interview privacy,Interview privacy,"1 = There were no other people around who could follow the interview, 2 = There were other people around who could follow the interview.",1 = There were no other people around who could follow the interview; 2 = There were other people around who could follow the interview; -2 = No answer; -4 = Not asked in survey,0 = There were no other people around who could follow the interview; 1 = There were other people around who could follow the interview,Custom recode in setup script; all unmatched responses and original negative missing codes are set to NA.,"Original negative missing/non-response codes (for example -1 Don't know, -2 No answer/refused, -4 Not asked, -5 Missing) are converted to NA before final output.",F_INTPRIVACY-Interview privacy,WVS Wave 7 Variables Report V6.0; Codebook manual coded index.xlsx; WVS_Wave7_Setup.R
G_TOWNSIZE,OBSERVATIONS BY THE INTERVIEWER,False,False,Not selected for display in Variable_Display_Logical.,factor_ordered,ordered numeric in indiv_ordinal; ordered factor in intermediate indiv,Code size of town where interview was conducted,Settlement size_8 groups,Settlement size_8 groups,"1 = Under 2,000, 2 = 2,000 - 5,000, 3 = 5 - 10,000, 4 = 10 - 20,000, 5 = 20 - 50,000, 6 = 50 - 100,000, 7 = 100 - 500,000, 8 = 500,000 and more","1 = Under 2,000; 2 = 2,000-5,000; 3 = 5,000-10,000; 4 = 10,000-20,000; 5 = 20,000-50,000; 6 = 50,000-100,000; 7 = 100,000-500,000; 8 = 500,000 and more; -5 = No answer; Missing; -4 = Not asked in survey","1 = Under 2,000 (original 1); 2 = 2,000-5,000 (original 2); 3 = 5,000-10,000 (original 3); 4 = 10,000-20,000 (original 4); 5 = 20,000-50,000 (original 5); 6 = 50,000-100,000 (original 6); 7 = 100,000-500,000 (original 7); 8 = 500,000 and more (original 8)","Haven labelled values converted to an ordered factor, then ordered factors are converted to ordinal integers with negative missing codes set to NA.","Original negative missing/non-response codes (for example -1 Don't know, -2 No answer/refused, -4 Not asked, -5 Missing) are converted to NA before final output.",G_TOWNSIZE-Settlement size_8 groups,WVS Wave 7 Variables Report V6.0; Codebook manual coded index.xlsx; WVS_Wave7_Setup.R
H_SETTLEMENT,OBSERVATIONS BY THE INTERVIEWER,False,False,Not selected for display in Variable_Display_Logical.,factor,numeric,Code settlement type where interview was conducted,Settlement type,Settlement type,"1 = Capital city (national capital), 2 = Regional center (capital/ center/ seat of the region), 3 = District center, 4 = Another city, town (not a national, regional or district center), 5 = Village","1 = Capital city; 2 = Regional center; 3 = District center; 4 = Another city, town (not a regional or district center); 5 = Village; -4 = Not asked; -5 = No answer; Missing","0 = Village; 1 = Another city, town (not a regional or district center); 2 = District center; 3 = Regional center; 4 = Capital city",Custom recode in setup script; all unmatched responses and original negative missing codes are set to NA.,"Original negative missing/non-response codes (for example -1 Don't know, -2 No answer/refused, -4 Not asked, -5 Missing) are converted to NA before final output.",H_SETTLEMENT-Settlement type,WVS Wave 7 Variables Report V6.0; Codebook manual coded index.xlsx; WVS_Wave7_Setup.R
H_URBRURAL,OBSERVATIONS BY THE INTERVIEWER,False,False,Not selected for display in Variable_Display_Logical.,factor,numeric,Settlement type,Urban-Rural,Urban-Rural Settlement type,"1 = Urban (city, town), 2 = Rural (village)",1 = Urban; 2 = Rural; -5 = No answer; Missing; -4 = Not asked,0 = Rural; 1 = Urban,Custom recode in setup script; all unmatched responses and original negative missing codes are set to NA.,"Original negative missing/non-response codes (for example -1 Don't know, -2 No answer/refused, -4 Not asked, -5 Missing) are converted to NA before final output.",H_URBRURAL-Urban-Rural,WVS Wave 7 Variables Report V6.0; Codebook manual coded index.xlsx; WVS_Wave7_Setup.R
